rubronombre,n,nivel2,nivel1
Almacén de comestibles,5319,almacen,alimentos
"Venta al por menor de prendas de vestir, excepto las de cuero",3814,ropa,indumentaria
Kioscos instalados fuera del perímetro señalado en el código 633120.1 (zona 2),3592,kiosco,comercio general
VENTA AL POR MENOR DE PRODUCTOS DE ALMACÉN Y DIETÉTICA,3310,almacen,alimentos
SERVICIOS DE PREPARACIÓN DE COMIDAS PARA LLEVAR,2583,comida_para_llevar,gastronomia
"VENTA AL POR MENOR EN KIOSCOS, POLIRRUBROS Y COMERCIOS NO ESPECIALIZADOS N.C.P.",2326,kiosco,comercio general
OTRAS ACTIVIDADES N.C.P.,2212,comercio_otros,comercio general
VENTA AL POR MENOR DE BEBIDAS EN COMERCIOS ESPECIALIZADOS,2161,bebidas,alimentos
VENTA AL POR MENOR DE PRENDAS Y ACCESORIOS DE VESTIR N.C.P.,2158,ropa,indumentaria
"Venta al por menor de bebidas no alcohólicas, gaseosas y jugos",1995,bebidas,alimentos
Venta al por menor de vinos y otras bebidas alcohólicas y bebidas energizantes. Vinotecas. Vinerías,1914,bebidas,alimentos
Venta al por menor de artículos de perfumería y cosmética,1912,perfumeria,salud
Verdulería y Frutería,1802,verduleria,alimentos
Venta al por menor de calzado. Zapaterías y zapatillerías,1610,calzado,indumentaria
"Depósitos y almacenamientos en general, excepto alimentos",1471,deposito,industria y deposito
Carnicería. Venta al por menor de carnes y sus preparados y derivados (excepto envasada y congelada),1470,carniceria,alimentos
"Venta al por menor de artículos de librería, papelería y para oficina",1460,libreria,comercio general
"Venta de artículos de fantasías, bijouterie, platería, alhajas y orfebrería",1437,bijouterie,indumentaria
Venta al por menor de carteras y demás artículos de marroquinería,1426,marroquineria,indumentaria
Venta al por menor de artículos para regalos. Regalería,1397,regaleria,comercio general
OFICINA ADMINISTRATIVA,1394,oficina,servicios profesionales
"Venta al por menor de artículos, productos y insumos de limpieza",1312,limpieza,hogar y construccion
Pollería. Venta al por menor de aves evisceradas y huevos,1312,polleria,alimentos
"Servicios de elaboración propia o por terceros y venta para llevar y entrega a domicilio de alimentos perecederos calientes, fríos o congelados, sin sucursales, con superficie habilitada de hasta 50 m2",1281,comida_para_llevar,gastronomia
VENTA AL POR MENOR DE PAN Y PRODUCTOS DE PANADERÍA,1205,panaderia,gastronomia
Quiniela,1185,juegos_azar,esparcimiento
"VENTA AL POR MENOR DE CARNES ROJAS, MENUDENCIAS Y CHACINADOS FRESCOS",1181,carniceria,alimentos
VENTA AL POR MENOR DE ARTÍCULOS NUEVOS N.C.P.,1181,comercio_otros,comercio general
"VENTA AL POR MENOR DE FRUTAS, LEGUMBRES Y HORTALIZAS FRESCAS",1114,verduleria,alimentos
Venta al por menor de panificadoras y panaderías,1085,panaderia,gastronomia
"VENTA AL POR MENOR DE HUEVOS, CARNE DE AVES Y PRODUCTOS DE GRANJA Y DE LA CAZA",1005,polleria,alimentos
"VENTA AL POR MENOR DE PRODUCTOS COSMÉTICOS, DE TOCADOR Y DE PERFUMERÍA",980,perfumeria,salud
"Bar, confiterías, pizzerías, lomiterías, empanaderías, parrilla, trattoría, confiterías y restaurantes con una superficie habilitada hasta 100 m2.-",974,bar_restaurante,gastronomia
"Venta al por menor de repuestos y accesorios para vehículos automotores, incluido equipos de G.N.C.",971,repuestos,automotor
PELUQUERÍAS INSTALADAS FUERA DEL PERÍMETRO Y TRAMOS ESTABLECIDOS POR EL ARTÍCULO 142° DE LA ORDENANZA TRIBUTARIA 2011,900,peluqueria,servicios personales
Servicio de fotocopiado. Fotocopiadoras,897,fotocopias,servicios personales
Venta al por menor en farmacias de productos medicinales,880,farmacia,salud
"Bingo, quini-6 u otros similares",874,juegos_azar,esparcimiento
SERVICIOS COMBINADOS DE GESTIÓN ADMINISTRATIVA DE OFICINAS,849,oficina,servicios profesionales
Venta al por menor de artículos varios. Polirubros,839,kiosco,comercio general
"VENTA AL POR MENOR DE PRODUCTOS ALIMENTICIOS N.C.P., EN COMERCIOS ESPECIALIZADOS",830,alimentos_otros,alimentos
Lotería,814,juegos_azar,esparcimiento
Venta al por menor de juguetes. Jugueterías,766,jugueteria,esparcimiento
Venta al por menor de ropa y accesorios para bebés y niños,741,ropa_infantil,indumentaria
Horneado de pan,724,panaderia,gastronomia
"VENTA AL POR MENOR DE CALZADO, EXCEPTO EL ORTOPÉDICO Y EL DEPORTIVO",721,calzado,indumentaria
VENTA AL POR MENOR DE FIAMBRES Y EMBUTIDOS,700,fiambreria,alimentos
VENTA AL POR MENOR EN MINIMERCADOS,693,almacen,alimentos
Venta al por menor de artículos de telefonía - celulares y sus accesorios,681,tecnologia,comercio general
SERVICIOS DE PELUQUERÍA,659,peluqueria,servicios personales
Venta al por menor de artículos de ferretería. Ferretería,656,ferreteria,hogar y construccion
"VENTA AL POR MENOR DE JUGUETES, ARTÍCULOS DE COTILLÓN Y JUEGOS DE MESA",651,jugueteria,esparcimiento
"VENTA AL POR MENOR DE PAPEL, CARTÓN, MATERIALES DE EMBALAJE Y ARTÍCULOS DE LIBRERÍA",649,libreria,comercio general
SERVICIOS DE EXPENDIO DE COMIDAS Y BEBIDAS EN ESTABLECIMIENTOS CON SERVICIO DE MESA Y/O EN MOSTRADOR N.C.P.,626,bar_restaurante,gastronomia
"VENTA AL POR MENOR DE ARTÍCULOS DE MARROQUINERÍA, PARAGUAS Y SIMILARES N.C.P.",624,marroquineria,indumentaria
VENTA AL POR MENOR DE FORRAJES  (INCLUYE LA VENTA DE ALIMENTO PARA ANIMALES Y ACCESORIOS PARA MASCOTAS),619,forrajeria,alimentos
SERVICIOS DE RESTAURANTES Y CANTINAS SIN ESPECTÁCULO,611,bar_restaurante,gastronomia
"Servicios de elaboración propia o por terceros y venta para llevar y entrega a domicilio de alimentos perecederos calientes, fríos o congelados, sin sucursales, con superficie habilitada de más de 50 m2",610,comida_para_llevar,gastronomia
VENTA AL POR MENOR DE MATERIALES Y PRODUCTOS DE LIMPIEZA,589,limpieza,hogar y construccion
Otros juegos de azar,578,juegos_azar,esparcimiento
SERVICIO DE EXPENDIO DE HELADOS,571,heladeria,gastronomia
VENTA AL POR MENOR DE BIJOUTERIE Y FANTASÍA,562,bijouterie,indumentaria
"VENTA AL POR MENOR DE PARTES, PIEZAS Y ACCESORIOS NUEVOS N.C.P.",558,repuestos,automotor
Venta al por menor de productos dietéticos.,544,dietetica,alimentos
FIAMBRERIA. VENTA AL POR MENOR DE FIAMBRES.,543,fiambreria,alimentos
"VENTA AL POR MENOR DE HUEVOS, CARNE DE AVES Y  PRODUCTOS DE GRANJA Y DE LA CAZA",539,polleria,alimentos
Venta al por menor de artículos de caña y mimbre. Venta de muebles. Mueblería,528,muebleria,hogar y construccion
"VENTA AL POR MENOR DE PRODUCTOS VETERINARIOS, ANIMALES DOMÉSTICOS Y ALIMENTO BALANCEADO PARA MASCOTAS",515,forrajeria,alimentos
Venta al por menor de herboristería,509,dietetica,alimentos
"Bar, confiterías, pizzerías, lomiterías, empanaderías, parrilla, trattoría, confiterías y restaurantes con una superficie habilitada desde 101 m2 a 200 m2.",503,bar_restaurante,gastronomia
VENTA AL POR MENOR DE PRODUCTOS LÁCTEOS,497,lacteos,alimentos
"VENTA AL POR MENOR DE BOMBONES, GOLOSINAS Y DEMÁS PRODUCTOS DE CONFITERÍA",494,golosinas,alimentos
Venta al por menor de artículos de lencería,484,lenceria,indumentaria
"SERVICIOS DE RECEPCIÓN DE APUESTAS DE QUINIELA, LOTERÍA Y SIMILARES",484,juegos_azar,esparcimiento
Venta al por menor de leche y productos lácteos,481,lacteos,alimentos
"Intermediarios, consignatarios, comisionistas, que perciban comisiones u otras retribuciones análogas o porcentajes",479,intermediarios,servicios profesionales
Servicio de oficina de cobranzas,473,cobranzas,servicios profesionales
"VENTA AL POR MENOR DE ROPA INTERIOR, MEDIAS, PRENDAS PARA DORMIR Y PARA LA PLAYA",466,lenceria,indumentaria
Servicio de reparto a domicilio (Delivery). Siempre que sea accesorio de rubro de actividad principal.,465,transporte,servicios profesionales
Venta al por menor de indumentaria deportiva y sus accesorios,461,indumentaria_deportiva,indumentaria
Venta al por menor de artículos de bazar y menaje,450,bazar,hogar y construccion
HELADERIA,427,heladeria,gastronomia
Fabricación de pan y productos de panificación. Panificadoras,418,fabricacion,industria y deposito
VENTA AL POR MENOR DE ARTÍCULOS DE BAZAR Y MENAJE,414,bazar,hogar y construccion
SERVICIOS DE EXPENDIO DE BEBIDAS EN BARES,407,bar_restaurante,gastronomia
Agencias de turismo y servicios conexos (por comisiones),395,turismo,servicios profesionales
VENTA AL POR MENOR DE INDUMENTARIA PARA BEBÉS Y NIÑOS,383,ropa_infantil,indumentaria
Locación de bienes inmuebles propios,379,inmobiliaria,servicios profesionales
Venta al por menor de productos y artículos confeccionados con materiales textiles n.c.p.,376,merceria,indumentaria
VENTA AL POR MENOR DE INDUMENTARIA DEPORTIVA,375,indumentaria_deportiva,indumentaria
Venta al por menor de artículos de mercería,372,merceria,indumentaria
Depósitos y almacenamientos de alimentos no refrigerados,368,deposito,industria y deposito
Gimnasios,362,gimnasio,servicios personales
SERVICIOS MÉDICOS PARA ANIMALES (VETERINARIA),355,veterinaria,salud
VENTA AL POR MENOR DE MEDICAMENTOS DE USO HUMANO (FARMACIAS),354,farmacia,salud
Venta por menor de Insumos de computación,352,tecnologia,comercio general
Venta al por menor de artículos del hogar,351,articulos_hogar,hogar y construccion
Cabinas telefónicas (por cabina Mínimo $ 23),347,locutorio,servicios personales
VENTA AL POR MENOR DE APARATOS DE TELEFONÍA Y COMUNICACIÓN,340,tecnologia,comercio general
"Administración, alquiler y venta de terceros. Inmobiliarias",338,inmobiliaria,servicios profesionales
VENTA AL POR MENOR DE CALZADO DEPORTIVO,333,calzado,indumentaria
"Kioscos instalados dentro del perímetro señalado en el código 633120.1 (zona 1), shoppings y grandes centros comerciales",333,kiosco,comercio general
"Venta al por menor de pinturas, barnices, lacas, esmaltes y artículos de pinturería",331,pinturería,hogar y construccion
Venta de helados envasados,328,heladeria,gastronomia
"Venta al por menor de bombones y golosinas. Caramelería, galletitería",328,golosinas,alimentos
"VENTA AL POR MENOR DE MUEBLES PARA EL HOGAR, ARTÍCULOS DE MIMBRE Y CORCHO",326,muebleria,hogar y construccion
Reparación de aparatos eléctricos de uso doméstico y personal,326,reparaciones,servicios personales
SERVICIOS EMPRESARIALES N.C.P.,325,oficina,servicios profesionales
"Bar, confiterías, pizzerías, lomiterías, empanaderías, parrilla, trattoría, confiterías y restaurantes con una superficie habilitada de más de 300 m2. -",323,bar_restaurante,gastronomia
VENTA AL POR MENOR DE ARTÍCULOS DE ÓPTICA Y FOTOGRAFÍA,320,optica,salud
"SERVICIOS DE TRATAMIENTO DE BELLEZA, EXCEPTO LOS DE PELUQUERÍA",313,consultorio,salud
"Sandwichería, elaboración y ventas por menor, sin servicios de mesas",311,comida_para_llevar,gastronomia
Venta al por menor de artículos de cotillón,308,jugueteria,esparcimiento
"SERVICIOS DE FOTOCOPIADO, PREPARACIÓN DE DOCUMENTOS Y OTROS SERVICIOS DE APOYO DE OFICINA",307,fotocopias,servicios personales
"REPARACIÓN DE AUTOMOTORES Y MOTOCICLETAS (MOTORES Y MECÁNICA INTEGRAL; INCLUIDOS CARBURADOR, RADIADOR, Y SERVICIO DE AUXILIO Y REMOLQUE DE AUTOMOTORES).",297,taller_mecanico,automotor
PELUQUERÍAS INSTALADAS DENTRO DEL PERÍMETRO Y TRAMOS ESTABLECIDOS POR EL ARTÍCULO 142° DE LA ORDENANZA TRIBUTARIA 2011,295,peluqueria,servicios personales
VENTA AL POR MENOR DE ARTÍCULOS DE FERRETERÍA Y MATERIALES ELÉCTRICOS,295,ferreteria,hogar y construccion
Venta al por menor de carne envasada y congelada,294,carniceria,alimentos
"Servicios de atención ambulatoria. (Incluye las actividades de consultorios médicos de establecimientos sin internación, consultorios de guardia para resolver urgencias médicas, vacunatorios, centros del primer nivel de atención,  Los servicios de cirugía",288,consultorio,salud
"Venta al por menor de colchones, almohadas y accesorios",283,muebleria,hogar y construccion
VENTA AL POR MENOR DE ARTÍCULOS DE ÓPTICA,282,optica,salud
"SERVICIOS INMOBILIARIOS REALIZADOS POR CUENTA PROPIA, CON BIENES URBANOS PROPIOS O ARRENDADOS N.C.P.",279,inmobiliaria,servicios profesionales
Venta al por menor de alimentos y suplementos dietarios.,279,dietetica,alimentos
SERVICIOS DE ALMACENAMIENTO Y DEPÓSITO N.C.P.,266,deposito,industria y deposito
VENTA POR MENOR DE MEDICAMENTOS Y ACCESORIOS PARA ANIMALES,264,forrajeria,alimentos
Servicios prestados a las empresas por profesionales organizados como empresa en ejercicio de su profesión liberal,262,oficina,servicios profesionales
VENTA AL POR MENOR DE TABACO EN COMERCIOS ESPECIALIZADOS,255,tabaqueria,comercio general
SERVICIOS MINORISTAS DE AGENCIAS DE VIAJES,252,turismo,servicios profesionales
"Bar, confiterías, pizzerías, lomiterías, empanaderías, parrilla, trattoría, confiterías y restaurantes con una superficie habilitada desde 101 m2 a 200 m2. Ubicados dentro de los siguientes perímetros:",250,bar_restaurante,gastronomia
Venta al por menor de pastas frescas,249,alimentos_otros,alimentos
Desarrollo de software,249,oficina,servicios profesionales
VENTA AL POR MENOR DE ARTÍCULOS PARA EL HOGAR N.C.P.,248,articulos_hogar,hogar y construccion
"Servicios de tratamiento. (Incluye las actividades de centros de cobaltoterapia, de radiología convencional, de acelerador lineal de rehabilitación física, de psicoterapia, de hemoterapia, de rehabilitación psíquica, unidades de hemodiálisis, centros de m",248,consultorio,salud
"Venta al por menor de joyas, relojes y artículos conexos",247,bijouterie,indumentaria
"Venta al por menor de máquinas de oficina, computadoras, cálculo, sus componentes y repuestos",245,repuestos,automotor
Peluquería canina,245,peluqueria,servicios personales
Agente de seguros y servicios relacionados con seguros n.c.p.,236,seguros,servicios profesionales
VENTA AL POR MENOR DE PRODUCTOS FARMACÉUTICOS Y HERBORISTERÍA,236,dietetica,alimentos
"Bar, confiterías, pizzerías, lomiterías, empanaderías, parrilla, trattoría, confiterías y restaurantes con una superficie habilitada hasta 100 m2. Ubicados dentro de los siguientes perímetros:",235,bar_restaurante,gastronomia
SERVICIOS VETERINARIOS,235,veterinaria,salud
SERVICIOS DE AGENCIAS DE COBRO Y CALIFICACIÓN CREDITICIA,232,cobranzas,servicios profesionales
Minimercado,231,almacen,alimentos
Corredor inmobiliario,231,inmobiliaria,servicios profesionales
SERVICIOS DE ACONDICIONAMIENTO FÍSICO,231,gimnasio,servicios personales
"VENTA AL POR MENOR EN COMERCIOS NO ESPECIALIZADOS, SIN PREDOMINIO DE PRODUCTOS ALIMENTICIOS Y BEBIDAS",229,bebidas,alimentos
Venta al por menor de tabacos y cigarrillos,227,tabaqueria,comercio general
"VENTA AL POR MENOR DE ELECTRODOMÉSTICOS, ARTEFACTOS PARA EL HOGAR Y EQUIPOS DE AUDIO Y VIDEO",226,electrodomesticos,hogar y construccion
"Venta al por menor de artículos electrónicos, sus repuestos y accesorios (excepto del hogar)",225,repuestos,automotor
"Bar, confiterías, pizzerías, lomiterías, empanaderías, parrilla, trattoría, confiterías y restaurantes con una superficie habilitada desde 201 m2 a 300 m2.-",220,bar_restaurante,gastronomia
"Bar, confiterías, pizzerías, lomiterías, empanaderías, parrilla, trattoría, confiterías y restaurantes. Ubicados dentro de shoppings, grandes centros comerciales, galerías y patios de comida.",216,bar_restaurante,gastronomia
"VENTA AL POR MENOR DE EQUIPOS, PERIFÉRICOS, ACCESORIOS Y PROGRAMAS INFORMÁTICOS",213,tecnologia,comercio general
ELABORACIÓN DE PRODUCTOS DE PANADERÍA N.C.P.,212,fabricacion,industria y deposito
Depósitos y almacenamientos de alimentos refrigerados,210,deposito,industria y deposito
"Venta al por mayor de repuestos y accesorios para vehículos automotores, incluido equipos de G.N.C.",208,mayorista,industria y deposito
Depilación,203,belleza,servicios personales
VENTA AL POR MENOR DE ARTÍCULOS DE RELOJERÍA Y JOYERÍA,203,bijouterie,indumentaria
VENTA AL POR MENOR DE INSTRUMENTAL MÉDICO Y ODONTOLÓGICO Y ARTÍCULOS ORTOPÉDICOS,202,ortopedia,salud
VENTA AL POR MENOR DE COMBUSTIBLE PARA VEHÍCULOS AUTOMOTORES Y MOTOCICLETAS,200,venta_vehiculos,automotor
"VENTA AL POR MENOR DE EQUIPOS, PERIFÉRICOS,  ACCESORIOS Y PROGRAMAS INFORMÁTICOS",198,tecnologia,comercio general
"Reparación de automotores y motocicletas (amortiguadores, alineación de dirección, balanceo de ruedas, llantas)",192,taller_mecanico,automotor
SERVICIOS DE ATENCIÓN A ANCIANOS CON ALOJAMIENTO,190,otro,otro
Venta al por menor de lubricantes líquidos y sólidos,189,repuestos,automotor
Venta al por menor de productos de repostería,186,panaderia,gastronomia
Pescadería,185,pescaderia,alimentos
VENTA AL POR MENOR DE MATERIALES DE CONSTRUCCIÓN N.C.P.,180,construccion,hogar y construccion
SERVICIOS RELACIONADOS CON LA SALUD HUMANA N.C.P.,179,consultorio,salud
VENTA AL POR MENOR DE COLCHONES Y SOMIERES,179,muebleria,hogar y construccion
Lotería instantánea,178,juegos_azar,esparcimiento
"EXPLOTACIÓN DE INSTALACIONES DEPORTIVAS, EXCEPTO CLUBES",177,instalaciones_deportivas,esparcimiento
Venta al por menor de masas y demás productos de pastelerías. Confiterías,177,panaderia,gastronomia
"VENTA AL POR MENOR DE HILADOS, TEJIDOS Y ARTÍCULOS DE MERCERÍA",176,merceria,indumentaria
Venta al por menor de materiales de construcción,175,construccion,hogar y construccion
Bancos                                                                                                                                                                                                                                            Con un mínimo,174,cobranzas,servicios profesionales
Venta al por menor de flores y plantas naturales y artificiales,173,vivero,hogar y construccion
SERVICIOS DE ALMACENAMIENTO Y DEPÓSITO N.C.P. ,170,deposito,industria y deposito
Servicio de cerrajería,160,reparaciones,servicios personales
Manicura,160,belleza,servicios personales
Venta al por menor de quesos,158,lacteos,alimentos
PIROTECNIA POR MENOR,153,otro,otro
VENTA AL POR MENOR DE PINTURAS Y PRODUCTOS CONEXOS,153,pinturería,hogar y construccion
REPARACIÓN Y MANTENIMIENTO DE EQUIPOS DE TELEFONÍA Y DE COMUNICACIÓN,149,tecnologia,comercio general
SERVICIOS DE CONSULTORES EN INFORMÁTICA Y SUMINISTROS DE PROGRAMAS DE INFORMÁTICA,143,tecnologia,comercio general
Venta al por menor de artículos de plástico,140,otro,otro
Venta al por menor de prendas de vestir de cuero y sucedáneos,137,ropa,indumentaria
VENTA AL POR MENOR DE INSUMOS MÉDICOS,136,otro,otro
VENTA AL POR MENOR DE PESCADOS Y PRODUCTOS DE LA PESCA,136,pescaderia,alimentos
"Venta al por menor de bicicletas y rodados infantiles, sus repuestos y accesorios",136,venta_vehiculos,automotor
"VENTA AL POR MENOR DE PRODUCTOS COSMÉTICOS, DE TOCADOR Y DE PERFUMERÍA, PAÑALES",133,perfumeria,salud
"Fraccionamiento, distribución y venta por mayor de productos alimentarios n.c.p.",132,mayorista,industria y deposito
Salón de belleza,130,otro,otro
Artesanos. Venta al por menor de artesanías,130,regaleria,comercio general
Venta al por menor de pañales,129,otro,otro
"MANTENIMIENTO Y REPARACIÓN DEL MOTOR N.C.P., MECÁNICA INTEGRAL",129,taller_mecanico,automotor
"Venta al por menor de discos, cassettes, DVD, DVC, videos juegos y similares. Disquerías",128,otro,otro
ESCUELA DE DANZAS Y YOGA,127,otro,otro
"Venta al por menor de café, te, yerba mate y especias",127,alimentos_otros,alimentos
VENTA AL POR MENOR DE ARTÍCULOS DE TALABARTERÍA Y ARTÍCULOS REGIONALES,126,marroquineria,indumentaria
"Bar, confiterías, pizzerías, lomiterías, empanaderías, parrilla, trattoría, confiterías y restaurantes con una superficie habilitada desde 201 m2 a 300 m2. Ubicados dentro de los siguientes perímetros:",126,bar_restaurante,gastronomia
"VENTA AL POR MENOR  DE ELECTRODOMÉSTICOS, ARTEFACTOS PARA EL HOGAR Y EQUIPOS DE AUDIO Y VIDEO",126,electrodomesticos,hogar y construccion
Instituto de higiene y estética corporal,126,belleza,servicios personales
SERVICIOS DE COMIDAS N.C.P.,125,otro,otro
Activación de líneas teléfonos celulares,124,tecnologia,comercio general
"Venta al por menor de aparatos fotográficos, artículos de fotografía",124,fotografia,comercio general
"Venta al por menor de lanas, hilos y artículos afines",123,otro,otro
INSTALACIÓN DE EQUIPOS DE GNC,122,estacion_servicio,automotor
VENTA AL POR MENOR DE TEXTOS NUEVOS,121,otro,otro
Agencias de turismo y servicios conexos propios,119,turismo,servicios profesionales
SERVICIOS INMOBILIARIOS REALIZADOS A CAMBIO DE UNA RETRIBUCIÓN O POR CONTRATA N.C.P.,118,inmobiliaria,servicios profesionales
Combustibles derivados del petróleo y Gas Natural Comprimido,117,otro,otro
Venta al por menor de artículos de revestimiento y decoración,116,articulos_hogar,hogar y construccion
VENTA AL POR MENOR DE ARTÍCULOS DE ILUMINACIÓN,115,otro,otro
"VENTA POR MENOR DE MEDICAMENTOS, MASCOTAS Y PRODUCTOS (INCLUYE ALIMENTO PARA ANIMALES)",113,forrajeria,alimentos
VENTA AL POR MENOR DE CONFECCIONES PARA EL HOGAR,113,otro,otro
"CONSTRUCCIÓN, REFORMA Y REPARACIÓN DE EDIFICIOS RESIDENCIALES",112,otro,otro
SERVICIOS PERSONALES N.C.P.,112,otro,otro
"CONSTRUCCIÓN, REFORMA Y REPARACIÓN DE EDIFICIOS NO RESIDENCIALES",111,otro,otro
ESTABLECIMIENTOS QUE PRESTAN EL SERVICIO DE CONTROL DE PLAGAS URBANAS,110,otro,otro
"Provisión de comidas preparadas, racionamiento de alimentos en cocido (incluye el servicio de catering, el suministro de confituras y comidas para banquetes, bodas, fiestas y otras celebraciones, )",109,alimentos_otros,alimentos
Venta al por menor de aparatos y artefactos eléctricos para la iluminación,109,otro,otro
"Transporte automotores de carga y encomienda a corta, media y larga distancia",108,transporte,servicios profesionales
Fabricación de productos metálicos n.c.p.,107,fabricacion,industria y deposito
"Venta al por menor de aberturas (puertas, ventanas, armazones)",106,otro,otro
"Residenciales, hospedajes y otros lugares de alojamiento sin discriminar rubros, no clasificados en otra parte. Con un mínimo por habitación de $ 14,50.-",105,turismo,servicios profesionales
"VENTA DE AUTOS, CAMIONETAS Y UTILITARIOS, USADOS",105,usados,comercio general
Lubricentros,105,otro,otro
"Venta al por menor de máquinas n.c.p. y motores, incluidos sus repuestos",103,repuestos,automotor
Lavadero de autos,103,estacion_servicio,automotor
ELABORACIÓN DE PRODUCTOS ALIMENTICIOS N.C.P.,103,fabricacion,industria y deposito
VENTA AL POR MENOR DE PRENDAS DE CUERO,102,otro,otro
VENTA POR MENOR DE MASCOTAS Y ACCESORIOS PARA ANIMALES,102,forrajeria,alimentos
Venta al por mayor de bebidas alcohólicas y energizantes,102,mayorista,industria y deposito
"VENTA AL POR MAYOR DE PARTES, PIEZAS Y ACCESORIOS DE VEHÍCULOS AUTOMOTORES ",102,mayorista,industria y deposito
Instituto de enseñanza,100,educacion,educacion
Pedicura,100,otro,otro
Impresión y encuadernación (excepto diarios y revistas),99,otro,otro
Venta al por mayor de prendas de vestir (excepto de cuero y calzado),99,mayorista,industria y deposito
Venta al por menor de tarjetas magnéticas de transporte de pasajeros y de telefonía,98,transporte,servicios profesionales
Fabricación de masas y demás productos de pastelería (confiterías),98,fabricacion,industria y deposito
Venta al por mayor de artículos de limpieza y saneamiento,98,mayorista,industria y deposito
"Venta al por menor de legumbres, frutas, cereales secos y en conservas",97,otro,otro
VENTA AL POR MENOR DE PRODUCTOS FARMACÉUTICOS Y  HERBORISTERÍA,97,dietetica,alimentos
SERVICIOS DE ENSEÑANZA N.C.P.,96,educacion,educacion
VENTA AL POR MENOR DE ARTÍCULOS TEXTILES N.C.P. EXCEPTO PRENDAS DE VESTIR,96,merceria,indumentaria
Venta al por menor de cámaras y cubiertas.,95,repuestos,automotor
"VENTA AL POR MENOR DE FLORES, PLANTAS, SEMILLAS, ABONOS, FERTILIZANTES Y OTROS PRODUCTOS DE VIVERO 	",95,vivero,hogar y construccion
VENTA AL POR MENOR DE PESCADOS Y  PRODUCTOS DE LA PESCA,95,pescaderia,alimentos
VENTA AL POR MENOR DE LIBROS,95,libreria,comercio general
Venta al por menor de artículos de santería,94,otro,otro
Venta al por menor de artículos regionales,93,otro,otro
SERVICIOS DE ASOCIACIONES N.C.P.,93,otro,otro
Elaboración de pastas frescas,92,fabricacion,industria y deposito
Fabricación de productos metálicos de Tornería y Matricería,91,fabricacion,industria y deposito
"Venta al por mayor de artículos de tocador, jabones, perfumes, cosméticos",90,mayorista,industria y deposito
Fábrica de milanesas y hamburguesas,90,otro,otro
"SERVICIO MÉDICO INTEGRADO DE CONSULTA, DIAGNÓSTICO Y TRATAMIENTO",89,otro,otro
VENTA AL POR MENOR NO REALIZADA EN ESTABLECIMIENTOS,89,otro,otro
"Elaboración de productos alimenticios n.c.p. (Incluye la elaboración de polvos para preparar postres y gelatinas, levadura, productos para copetín, sal de mesa, mayonesa, mostaza)",89,fabricacion,industria y deposito
Servicios prestados al público por profesionales organizados como empresa en ejercicio de su profesión liberal,89,oficina,servicios profesionales
"Reparaciones eléctricas de automotores (incluyendo tableros, instrumental y reparación o recarga de baterías)",89,otro,otro
Venta al por mayor en ferreterías,86,mayorista,industria y deposito
Agencia de publicidad,85,otro,otro
Fabricación de productos de carpintería metálica,85,fabricacion,industria y deposito
VENTA AL POR MENOR DE CÁMARAS Y CUBIERTAS,85,repuestos,automotor
"Servicios de diagnósticos. (Incluye las actividades de laboratorios de análisis clínicos y patológicos, centros de diagnóstico por imágenes, centros de endoscopía, de electrodiagnóstico, consultorios de hemodinamia)",85,consultorio,salud
"VENTA DE MOTOCICLETAS Y DE SUS PARTES, PIEZAS Y ACCESORIOS",85,repuestos,automotor
"VENTA AL POR MENOR DE FUEL OIL, GAS EN GARRAFAS, CARBÓN Y LEÑA",85,otro,otro
SERVICIOS RELACIONADOS CON LA SALUD HUMANA N.C.P. ,85,consultorio,salud
Venta  por menor de motocicletas nuevas y usadas,84,venta_vehiculos,automotor
SERVICIOS ODONTOLÓGICOS,84,consultorio,salud
Venta al por menor de telas. Tiendas,83,merceria,indumentaria
ENSEÑANZA ARTÍSTICA,81,educacion,educacion
SERVICIOS DE FAST FOOD Y LOCALES DE VENTA DE COMIDAS Y BEBIDAS AL PASO,81,bebidas,alimentos
VENTA AL POR MAYOR DE PRODUCTOS ALIMENTICIOS N.C.P.,81,mayorista,industria y deposito
SERVICIOS DE REHABILITACIÓN FÍSICA,80,otro,otro
"Venta al por menor de aparatos para videojuegos; cassettes, DVD; reproductores; videograbadoras y similares",80,otro,otro
Prode,80,otro,otro
"Venta al por mayor de bebidas no alcohólicas, aguas, gaseosas",79,mayorista,industria y deposito
Taller de chapa y pintura de automotores,79,taller_mecanico,automotor
REPARACIÓN DE ARTÍCULOS ELÉCTRICOS Y ELECTRÓNICOS DE USO DOMÉSTICO,79,otro,otro
Venta al por mayor de combustibles y lubricantes para automotores,79,mayorista,industria y deposito
Venta  por menor de vehículos automotores usados,79,usados,comercio general
Operaciones o préstamos no involucrados en los apartados anteriores,79,cobranzas,servicios profesionales
"REFORMA Y REPARACIÓN DE CERRADURAS, DUPLICACIÓN DE LLAVES. CERRAJERÍAS",78,reparaciones,servicios personales
Venta de automotores usados por comisiones o consignaciones. Incluye planes de ahorro,77,venta_vehiculos,automotor
"VENTA AL POR MENOR DE FLORES, PLANTAS, SEMILLAS, ABONOS, FERTILIZANTES Y OTROS PRODUCTOS DE VIVERO",77,vivero,hogar y construccion
"Venta al por mayor de máquinas, equipos y aparatos de uso doméstico (incluidos los eléctricos)",76,mayorista,industria y deposito
VENTA AL POR MENOR EN SUPERMERCADOS,76,almacen,alimentos
VENTA AL POR MAYOR DE PRODUCTOS FARMACÉUTICOS,76,mayorista,industria y deposito
Venta de GNC,76,estacion_servicio,automotor
SERVICIOS DE CONSULTA MÉDICA,76,otro,otro
Venta por menor de automotores  nuevos y  usadas en consignación,75,otro,otro
"Seguros (Cooperativa , Mutual y compañía privada) . Reaseguros Con un mínimo por persona que desarrolle actividad inherente al giro del establecimiento de $203",75,seguros,servicios profesionales
Ejecución de trabajos de artículos publicitarios (diseño gráfico),74,otro,otro
Servicios de acceso a navegación y otros canales de uso de internet. Entretenimientos; juegos en red y en consolas (cyber y similares) con un mínimo por puesto conectado a un sistema de red con o sin acceso a internet de $15.-,74,otro,otro
Venta por mayor de productos farmacéuticos y veterinarios (medicamentos),74,mayorista,industria y deposito
SERVICIOS DE LA BANCA MINORISTA,73,otro,otro
Enseñanza privada (otras),72,educacion,educacion
VENTA AL POR MENOR DE PRODUCTOS FARMACÉUTICOS Y DE HERBORISTERÍA,72,dietetica,alimentos
Supermercado con una superficie total de 301 m2 hasta 600 m2,72,almacen,alimentos
Servicio de limpieza,71,otro,otro
"ELABORACIÓN INDUSTRIAL DE PRODUCTOS DE PANADERÍA, EXCEPTO GALLETITAS Y BIZCOCHOS",71,panaderia,gastronomia
"Servicios de elaboración propia o por terceros y venta para llevar y entrega a domicilio de alimentos perecederos calientes, fríos o congelados, sin sucursales, con superficie habilitada de más de 50 m2. Ubicados dentro del perímetro comprendido por las c",70,comida_para_llevar,gastronomia
ELABORACIÓN DE PASTAS ALIMENTARIAS FRESCAS,69,fabricacion,industria y deposito
VENTA AL POR MENOR DE UNIFORMES ESCOLARES Y GUARDAPOLVOS,69,otro,otro
SERVICIOS DE SEGURIDAD E INVESTIGACIÓN N.C.P.,69,otro,otro
"Venta al por menor de motores, maquinarias, equipos y aparatos industriales (incluidos los eléctricos)",69,otro,otro
ELABORACIÓN DE COMIDAS PREPARADAS PARA REVENTA,68,fabricacion,industria y deposito
SERVICIOS RELACIONADOS CON JUEGOS DE AZAR Y APUESTAS N.C.P.,68,juegos_azar,esparcimiento
Fabricación de productos plásticos n.c.p.,68,fabricacion,industria y deposito
SERVICIOS DE FINANCIACIÓN Y ACTIVIDADES FINANCIERAS N.C.P.,68,otro,otro
Venta al por mayor en comisión o consignación de mercaderías n.c.p.,68,mayorista,industria y deposito
Taller de gomería. Incluye las que poseen anexos de recapados,68,taller_mecanico,automotor
Venta al por menor de sanitarios,67,construccion,hogar y construccion
"VENTA DE AUTOS, CAMIONETAS Y UTILITARIOS, USADOS  ",67,usados,comercio general
Venta al por mayor de artículos de bazar y menaje,66,mayorista,industria y deposito
Fabricación y reparación de maquinaria y equipos para la industria en general n.c.p.,65,fabricacion,industria y deposito
"Venta al por mayor de frutas, hortalizas y verduras en el Mercado de Abasto",64,mayorista,industria y deposito
"Confección de prendas de vestir (excepto las de piel, de cuero y sucedáneos, pilotos e impermeables). Incluye ropa interior, prendas de dormir y playa, indumentaria de trabajo, uniformes, guardapolvos, ropa de bebé y niño.",64,lenceria,indumentaria
Supermercado con una superficie total hasta 300 m2,64,almacen,alimentos
"Combustibles derivados del petróleo y Gas Natural Comprimido, en estaciones de servicio y otras actividades reguladas por la Ordenanza Nº 9748/97 y sus modificatorias como localizadas en zonas determinadas por el artículo 10° de dicha ordenanza",64,comercio_otros,comercio general
SERVICIOS DE ENVIO Y RECEPCIÓN DE FONDOS DESDE Y HACIA EL EXTERIOR,64,otro,otro
SERVICIOS DE DESINFECCIÓN Y EXTERMINIO DE PLAGAS EN EL ÁMBITO URBANO,63,otro,otro
Servicio de seguridad,63,otro,otro
VENTA DE VEHÍCULOS AUTOMOTORES USADOS N.C.P.,63,usados,comercio general
VENTA AL POR MAYOR DE ARTÍCULOS DE FERRETERÍA Y MATERIALES ELÉCTRICOS,62,mayorista,industria y deposito
SERVICIOS PRESTADOS POR INMOBILIARIAS,62,inmobiliaria,servicios profesionales
"Venta al por menor y colocación de equipos de audio; de radiollamado, alarmas; cierre centralizado; levanta cristales para automotores",62,otro,otro
Fabricación de galletitas y bizcochos y otros productos secos de panaderías,62,fabricacion,industria y deposito
VENTA AL POR MENOR DE ABERTURAS,62,otro,otro
Reparación de relojes y joyas,61,bijouterie,indumentaria
VENTA AL POR MENOR DE ARTÍCULOS DE ORTOPEDIA,61,ortopedia,salud
"Fábrica de chacinados. Elaboración de fiambres, embutidos y preparados a base de carne",60,fabricacion,industria y deposito
"Venta al por mayor de descartables de uso médico, paramédico, odontológico y ortopédico",60,mayorista,industria y deposito
"ENSEÑANZA DE GIMNASIA, DEPORTES Y ACTIVIDADES FÍSICAS",59,educacion,educacion
FÁBRICA PRODUCTOS DERIVADOS DE LA HARINA-PANIFICACIÓN,59,otro,otro
Servicios de gestión y logística para el transporte de mercaderías,59,transporte,servicios profesionales
Venta al por menor de alarmas y otros artículos de seguridad,59,otro,otro
"SERVICIOS BRINDADOS PARA TERCEROS POR CALL CENTER, CONTACT CENTER, Y ATENCIÓN AL CLIENTE. SERVICIOS BRINDADOS MEDIANTE TECNOLOGÍA PERTENECIENTE AL ÁREA DE COMUNICACIONES. SE INCLUYEN TODOS LOS SERVICIOS RELACIONADOS CON EL ASESORAMIENTO Y AUXILIO TÉCNICO",59,otro,otro
VENTA AL POR MAYOR DE MERCANCÍAS N.C.P.,59,mayorista,industria y deposito
Ejecución y mantenimiento de instalaciones eléctricas n.c.p.,58,otro,otro
"Servicios de elaboración propia o por terceros y venta para llevar y entrega a domicilio de alimentos perecederos calientes, fríos o congelados, sin sucursales, con superficie habilitada de hasta 50 m2. Ubicados dentro del perímetro comprendido por las ca",58,comida_para_llevar,gastronomia
"Venta al por menor de semillas, abonos, fertilizantes y otros productos de vivero",58,vivero,hogar y construccion
"Venta al por mayor de fiambres, embutidos y chacinados",58,mayorista,industria y deposito
VENTA AL POR MENOR DE BATERÍAS,58,otro,otro
"Venta al por menor de vidrios, cristales, espejos, mamparas y cerramientos (incluye su colocación). Vidrierías",57,otro,otro
INSTALACIÓN Y REPARACIÓN DE EQUIPOS DE GNC,57,estacion_servicio,automotor
"VENTA AL POR MAYOR DE PRODUCTOS COSMÉTICOS, DE TOCADOR Y DE PERFUMERÍA",56,mayorista,industria y deposito
"Venta al por mayor de equipo informático y máquinas de oficina, cálculo y contabilidad",56,mayorista,industria y deposito
"CONFECCIÓN DE PRENDAS DE VESTIR N.C.P., EXCEPTO PRENDAS DE PIEL, CUERO Y DE PUNTO",55,ropa,indumentaria
"VENTA DE MOTOCICLETAS Y DE SUS PARTES, PIEZAS Y ACCESORIOS   ",55,repuestos,automotor
Reparación de calzado y otros artículos de cuero,55,calzado,indumentaria
Venta al por menor de diarios y revistas,55,otro,otro
Venta al por mayor de artículos de librería y papelería,54,mayorista,industria y deposito
Venta  por menor de vehículos automotores nuevos,54,otro,otro
Recarga y venta al por menor de garrafas y combustibles sólidos y líquidos,54,otro,otro
"Instalación y reparación de lunetas y ventanillas, sistema de climatización, grabado de cristales de automotores, polarizados,",53,otro,otro
Reparación de bicicletas y rodados infantiles,53,venta_vehiculos,automotor
Natatorios,53,otro,otro
Venta de automotores nuevos por comisiones o consignaciones. Incluye planes de ahorro,53,venta_vehiculos,automotor
VENTA AL POR MAYOR DE COMBUSTIBLES Y LUBRICANTES PARA AUTOMOTORES,52,mayorista,industria y deposito
"Fabricación de muebles, sus partes y accesorios, excepto metálicos y plásticos",52,fabricacion,industria y deposito
FABRICACIÓN DE PRODUCTOS ELABORADOS DE METAL N.C.P.,51,fabricacion,industria y deposito
"SERVICIOS DE ALOJAMIENTO EN HOTELES, HOSTERÍAS Y RESIDENCIALES SIMILARES, EXCEPTO POR HORA, QUE NO INCLUYEN SERVICIO DE RESTAURANTE AL PÚBLICO",51,turismo,servicios profesionales
Venta al por menor de materiales de construcción en medianas y grandes superficies,51,construccion,hogar y construccion
VENTA AL POR MENOR POR INTERNET,51,otro,otro
"FABRICACIÓN DE PARTES, PIEZAS Y ACCESORIOS PARA VEHÍCULOS AUTOMOTORES Y SUS MOTORES N.C.P.",51,fabricacion,industria y deposito
REPARACIÓN DE CÁMARAS Y CUBIERTAS,51,repuestos,automotor
SERVICIOS MAYORISTAS DE AGENCIAS DE VIAJES,51,mayorista,industria y deposito
Venta de combustibles al por menor (por comisiones),51,otro,otro
VENTA AL POR MAYOR DE MATERIALES Y PRODUCTOS DE LIMPIEZA,50,mayorista,industria y deposito
PRODUCCIÓN Y PROCESAMIENTO DE CARNE DE AVES,50,polleria,alimentos
Compra y venta de artículos del hogar y muebles,50,muebleria,hogar y construccion
VENTA AL POR MENOR DE EQUIPOS  Y ARTÍCULOS DEPORTIVOS,49,deportes,esparcimiento
"Bar, confiterías, pizzerías, lomiterías, empanaderías, parrilla, trattoría, confiterías y restaurantes con una superficie habilitada de más de 300 m2. Ubicados dentro de los siguientes perímetros:",49,bar_restaurante,gastronomia
SERVICIOS DE PUBLICIDAD N.C.P.,49,otro,otro
FABRICACIÓN DE PRODUCTOS METÁLICOS DE TORNERÍA Y/O MATRICERÍA,49,fabricacion,industria y deposito
"Servicios relacionados con la imprenta (electrotipia, composición de tipo, grabado)",49,fotocopias,servicios personales
VENTA AL POR MAYOR EN COMISIÓN O CONSIGNACIÓN DE FRUTAS,49,mayorista,industria y deposito
SERVICIOS DE CRÉDITO N.C.P.,49,otro,otro
ELABORACIÓN DE PRODUCTOS DE CONFITERÍA N.C.P.,49,fabricacion,industria y deposito
ELABORACIÓN DE FIAMBRES Y EMBUTIDOS,48,fabricacion,industria y deposito
"Venta al por mayor de pinturas, barnices, lacas y esmaltes",48,mayorista,industria y deposito
Servicios de gestoría del automotor,48,otro,otro
Recarga y venta al por menor de gas carbónico p/matafuegos y gasificadores,48,otro,otro
"VENTA AL POR MAYOR Y EMPAQUE DE FRUTAS, DE LEGUMBRES Y HORTALIZAS FRESCAS",48,mayorista,industria y deposito
"Construcción, reforma y reparación de edificios (incluye viviendas unifamiliares y multifamiliares; bungalows, cabañas, casas de campo, departamento, albergues para ancianos, estudiantes, niños)",47,otro,otro
SERVICIOS DE LIMPIEZA GENERAL DE EDIFICIOS,47,otro,otro
Alquiler de ropa en general (excepto ropa blanca),47,ropa,indumentaria
Venta y abastecimiento de carne y derivados,47,otro,otro
"Venta al por mayor de chocolate y sus preparados, caramelos y otros derivados del azúcar",46,mayorista,industria y deposito
Venta al por menor de artículos de camping,46,deportes,esparcimiento
SERVICIOS DE CANTINAS DE ATENCION EXCLUSIVA A EMPLEADOS O ESTUDIANTES DENTRO DE EMPRESAS O EST. EDUCATIVOS,45,bar_restaurante,gastronomia
"REPARACIÓN DE AMORTIGUADORES, ALINEACIÓN DE DIRECCIÓN Y BALANCEO DE RUEDAS",45,otro,otro
"VENTA AL POR MENOR DE PAPELES PARA PARED, REVESTIMIENTOS PARA PISOS Y ARTÍCULOS SIMILARES PARA LA DECORACIÓN",45,articulos_hogar,hogar y construccion
Queserías. Venta al por mayor de quesos,45,mayorista,industria y deposito
Fábrica de Sándwiches,45,otro,otro
"Fabricación de repuestos, piezas y accesorios para vehículos automotores",45,fabricacion,industria y deposito
"SERVICIOS DE FAST FOOD"" Y LOCALES DE VENTA DE COMIDAS Y BEBIDAS AL PASO""",45,bebidas,alimentos
ALQUILER Y ARRENDAMIENTO DE MAQUINARIA Y EQUIPO N.C.P.,44,otro,otro
SERVICIOS DE PRODUCTORES Y ASESORES DE SEGUROS,44,seguros,servicios profesionales
VENTA AL POR MENOR DE ARTÍCULOS PARA PLOMERÍA E INSTALACIÓN DE GAS,44,otro,otro
Venta al por mayor de aves y huevos,44,mayorista,industria y deposito
Venta de inmuebles Propios,44,otro,otro
"SERVICIOS DE ASESORAMIENTO, DIRECCIÓN Y GESTIÓN EMPRESARIAL N.C.P.",43,otro,otro
PROCESAMIENTO DE CARNE DE GANADO BOVINO,43,otro,otro
"VENTA AL POR MAYOR DE PAN, PRODUCTOS DE CONFITERÍA Y PASTAS FRESCAS",43,mayorista,industria y deposito
VENTA AL POR MAYOR DE FIAMBRES Y QUESOS,43,mayorista,industria y deposito
"VENTA AL POR MAYOR DE ARTÍCULOS DE PLOMERÍA, ELECTRICIDAD, ILUMINACIÓN, CALEFACCIÓN, OBRAS SANITARIAS Y SIMILARES",42,mayorista,industria y deposito
VENTA AL POR MAYOR DE BEBIDAS NO ALCOHÓLICAS,42,mayorista,industria y deposito
Lavandería automática. Alquiler de máquinas lavadoras y secadoras de ropa en general,42,ropa,indumentaria
Venta al por mayor de artículos para kiosco y para salones de venta,42,mayorista,industria y deposito
VENTA AL POR MAYOR DE MERCANCÍAS N.C.P. ,42,mayorista,industria y deposito
"Venta al por mayor de café, té y yerba mate (incluye Fraccionamiento, y venta al por mayor de sal), (Fraccionamiento, y venta al por mayor de té y especias)",41,mayorista,industria y deposito
"Venta al por mayor de madera y productos de madera, excepto muebles",41,mayorista,industria y deposito
"FABRICACIÓN DE PRODUCTOS PLÁSTICOS EN FORMAS BÁSICAS Y ARTÍCULOS DE PLÁSTICO N.C.P., EXCEPTO MUEBLES",41,fabricacion,industria y deposito
Elaboración de productos dietéticos.,41,fabricacion,industria y deposito
Venta al por menor de instrumentos musicales,41,otro,otro
FABRICACIÓN DE CARPINTERÍA METÁLICA,41,fabricacion,industria y deposito
VENTA AL POR MENOR DE ARTÍCULOS USADOS N.C.P. EXCEPTO AUTOMOTORES Y MOTOCICLETAS,41,venta_vehiculos,automotor
"Venta al por mayor de artículos de plomería, electricidad, iluminación, calefacción, obras sanitarias y similares",40,mayorista,industria y deposito
Cosmetología,40,otro,otro
Venta al por mayor de papel y productos de papel y cartón,40,mayorista,industria y deposito
Servicios de emergencias y traslados,40,otro,otro
"Fabricación y reparación e instrumentos y aparatos de cirugía, medicina, odontología, ortopedia, sus partes y accesorios",40,fabricacion,industria y deposito
Embotellamiento de aguas naturales y minerales,40,otro,otro
"VENTA AL POR MAYOR DE MÁQUINAS, EQUIPOS E IMPLEMENTOS DE USO MÉDICO Y PARAMÉDICO",40,mayorista,industria y deposito
ELABORACIÓN DE GALLETITAS Y BIZCOCHOS,40,fabricacion,industria y deposito
Venta al por mayor de tabacos y cigarrillos,40,mayorista,industria y deposito
Distribución y venta al por mayor de pan y productos de panificación,40,mayorista,industria y deposito
SERVICIOS DE LIMPIEZA N.C.P.,39,otro,otro
Venta al por mayor de artículos de plástico,39,mayorista,industria y deposito
"Venta al por menor de antigüedades, objetos de arte, cuadros, marcos, filatelia y numismática",39,usados,comercio general
"Venta al por menor de equipo profesional, científico e instrumentos de medida y de control",39,otro,otro
Hipermercado,39,otro,otro
VIVEROS,38,vivero,hogar y construccion
"VENTA AL POR MAYOR DE PRENDAS Y ACCESORIOS DE VESTIR N.C.P., EXCEPTO UNIFORMES Y ROPA DE TRABAJO",38,mayorista,industria y deposito
"Fabricación de calzado de cuero, incluyendo el ortopédico",38,fabricacion,industria y deposito
Venta al por mayor de juguetes y artículos de cotillón,38,mayorista,industria y deposito
SERVICIOS DE ALMACENAMIENTO Y DEPÓSITO EN CÁMARAS FRIGORÍFICAS,38,deposito,industria y deposito
"FABRICACIÓN DE REPUESTOS, PIEZAS Y ACCESORIOS PARA VEHÍCULOS AUTOMOTORES",37,fabricacion,industria y deposito
SERVICIOS DE PREPARACIÓN DE COMIDAS PARA EMPRESAS Y EVENTOS,37,comida_para_llevar,gastronomia
ALQUILER DE PRENDAS DE VESTIR,37,ropa,indumentaria
"VENTA AL POR MAYOR DE EQUIPOS, PERIFÉRICOS, ACCESORIOS Y PROGRAMAS INFORMÁTICOS",37,mayorista,industria y deposito
Artículos usados o reacondicionados,37,usados,comercio general
"VENTA DE AUTOS, CAMIONETAS Y UTILITARIOS NUEVOS  ",36,otro,otro
"REPARACIONES ELÉCTRICAS DEL TABLERO E INSTRUMENTAL, REPARACIÓN Y RECARGA DE BATERÍAS, INSTALACIÓN DE ALARMAS, RADIOS, SISTEMAS DE CLIMATIZACIÓN",36,otro,otro
VENTA AL POR MAYOR DE BEBIDAS ALCOHÓLICAS N.C.P.,36,mayorista,industria y deposito
SERVICIOS DE PRODUCTORES  Y ASESORES DE SEGUROS,36,seguros,servicios profesionales
VENTA AL POR MAYOR DE ARTÍCULOS PARA LA CONSTRUCCIÓN N.C.P. ,36,mayorista,industria y deposito
SERVICIOS DE  CONSULTA MÉDICA,36,otro,otro
"VENTA AL POR MENOR DE PRODUCTOS VETERINARIOS, ANIMALES DOMÉSTICOS Y ALIMENTO BALANCEADO PARA MASCOTAS ",36,forrajeria,alimentos
VENTA AL POR MENOR DE EQUIPOS Y ARTÍCULOS DEPORTIVOS,35,deportes,esparcimiento
Servicios de internación,35,otro,otro
Elaboración de soda,34,fabricacion,industria y deposito
Estudios fotográficos. Fotografía comercial,34,fotografia,comercio general
"Venta al por mayor de equipos y aparatos de radio, televisión, comunicaciones y sus componentes",34,mayorista,industria y deposito
Distribución y venta al por mayor de alimentos y suplementos dietarios.,34,mayorista,industria y deposito
Fabricación y reparación de máquinas y equipos n.c.p. (excepto la maquinaria eléctrica),34,fabricacion,industria y deposito
VENTA AL POR MAYOR DE CARNES ROJAS Y DERIVADOS,33,mayorista,industria y deposito
"VENTA AL POR MENOR DE CRISTALES, ESPEJOS, MAMPARAS Y CERRAMIENTOS",33,otro,otro
"Instalación de gas, agua, sanitarios y equipos de climatización, con sus artefactos conexos",33,construccion,hogar y construccion
"ALQUILER DE MAQUINARIA Y EQUIPO N.C.P., SIN PERSONAL",33,otro,otro
SERVICIO DE CORREO POSTAL,33,otro,otro
ESTABLECIMIENTOS DE TATUAJES Y PIERCING,33,otro,otro
"REPARACIÓN DE AMORTIGUADORES,  ALINEACIÓN DE DIRECCIÓN Y BALANCEO DE RUEDAS",32,otro,otro
ENSEÑANZA DE IDIOMAS,32,educacion,educacion
"ACTIVIDADES PROFESIONALES, CIENTIFICAS Y TECNICAS N.C, P.",32,otro,otro
SERVICIOS DE DISEÑO ESPECIALIZADO,32,otro,otro
Mantenimiento y reparación de frenos de automotores,32,otro,otro
Empresas o personas dedicadas a la negociación de órdenes y tarjetas de compras y créditos (Artículo 246 del C.T.M.). Con un mínimo por persona que desarrolle actividad inherente al giro del establecimiento de $ 203,32,otro,otro
Construcciones n.c.p.,32,otro,otro
"VENTA AL POR MAYOR DE CHOCOLATES, GOLOSINAS Y PRODUCTOS PARA KIOSCOS Y POLIRRUBROS N.C.P., EXCEPTO CIGARRILLOS",32,mayorista,industria y deposito
"CONSTRUCCIÓN, REFORMA Y REPARACIÓN DE OBRAS DE INFRAESTRUCTURA PARA EL TRANSPORTE",31,transporte,servicios profesionales
Reparación de muebles de madera (carpintería de madera),31,muebleria,hogar y construccion
LAVADO AUTOMÁTICO Y MANUAL DE VEHÍCULOS AUTOMOTORES,31,otro,otro
REPARACIÓN DE TAPIZADOS Y MUEBLES,31,muebleria,hogar y construccion
"SERVICIOS DE CENTROS DE ESTETICA,SPA Y SIMILARES",31,belleza,servicios personales
SERVICIOS DE APOYO A LA EDUCACIÓN,31,otro,otro
VENTA AL POR MAYOR DE ARTÍCULOS DE BAZAR Y MENAJE EXCEPTO DE VIDRIO,31,mayorista,industria y deposito
"Venta al por mayor en comisión o consignación de frutas, hortalizas y verduras en el Mercado de Abasto",31,mayorista,industria y deposito
SERVICIOS DE JARDINERÍA Y MANTENIMIENTO DE ESPACIOS VERDES,31,vivero,hogar y construccion
REPARACIÓN DE RELOJES Y JOYAS. RELOJERÍAS,31,bijouterie,indumentaria
Alquiler de video películas y video juegos,30,otro,otro
VENTA AL POR MAYOR DE INSTRUMENTAL MÉDICO Y ODONTOLÓGICO Y ARTÍCULOS ORTOPÉDICOS,30,mayorista,industria y deposito
"Fabricación y reparación de maquinaria de oficina, cálculo, contabilidad, máquinas de escribir, cajas registradoras,",30,fabricacion,industria y deposito
"VENTA AL POR MAYOR DE CAFÉ, TÉ, YERBA MATE Y OTRAS INFUSIONES Y ESPECIAS Y CONDIMENTOS",30,mayorista,industria y deposito
VENTA DE VEHÍCULOS AUTOMOTORES NUEVOS N.C.P.,30,otro,otro
PORTALES WEB,30,otro,otro
"VENTA AL POR MAYOR DE AVES, HUEVOS Y PRODUCTOS DE GRANJA Y DE LA CAZA N.C.P.",30,mayorista,industria y deposito
"Servicios brindados para terceros por call center, contact center, y atención al Cliente. Servicios brindados mediante tecnología perteneciente al área de comunicaciones. Se incluyen todos los servicios relacionados con el asesoramiento y auxilio técnico",30,otro,otro
VENTA AL POR MENOR DE CDS Y DVDS DE AUDIO Y VIDEO GRABADOS,30,otro,otro
Venta al por mayor en comisión o consignación de alimentos y bebidas no alcohólicas,29,mayorista,industria y deposito
"CONSTRUCCIÓN, REFORMA Y REPARACIÓN DE REDES DISTRIBUCIÓN DE ELECTRICIDAD, GAS, AGUA, TELECOMUNICACIONES Y DE OTROS SERVICIOS PÚBLICOS",29,otro,otro
REPARACIÓN DE EFECTOS PERSONALES Y ENSERES DOMÉSTICOS N.C.P.,29,otro,otro
"Venta al por mayor de hierros, aceros, metales no ferrosos y subproductos, excepto chatarra",29,mayorista,industria y deposito
"Fabricación en industrias básicas de productos de hierro y acero n.c.p. (Incluye alambre, cañerías, tuberías, )en general",29,fabricacion,industria y deposito
"VENTA DE AUTOS, CAMIONETAS Y UTILITARIOS NUEVOS",29,otro,otro
Venta al por mayor de calzados (incluye zapatos y zapatillas),28,mayorista,industria y deposito
Venta al por mayor de artículos de marroquinería,28,mayorista,industria y deposito
"SERVICIOS INMOBILIARIOS REALIZADOS POR CUENTA PROPIA, CON BIENES RURALES PROPIOS O ARRENDADOS N.C.P.",28,inmobiliaria,servicios profesionales
"Combustibles derivados del Petróleo y Gas natural Comprimido, en Estaciones de Servicios y otras actividades reguladas por la Ordenanza Nº 9748/97 y sus modificatorias, localizadas en las zonas determinadas por el artículo 10° de dicha ordenanza",28,comercio_otros,comercio general
"VENTA AL POR MENOR DE ARMAS, ARTÍCULOS PARA LA CAZA Y PESCA",28,deportes,esparcimiento
Venta al por menor de tejidos de punto,28,otro,otro
Venta al por mayor de muebles y accesorios excepto los metálicos,27,mayorista,industria y deposito
SERVICIOS DE TRATAMIENTO,27,consultorio,salud
"INSTALACIÓN Y REPARACIÓN DE PARABRISAS, LUNETAS Y VENTANILLAS, CERRADURAS NO ELÉCTRICAS Y GRABADO DE CRISTALES",27,otro,otro
VENTA AL POR MAYOR DE ARTÍCULOS DE PLÁSTICO,27,mayorista,industria y deposito
"REPARACIÓN Y PINTURA DE CARROCERÍAS, COLOCACIÓN Y REPARACIÓN DE GUARDABARROS Y PROTECCIONES EXTERIORES",27,otro,otro
"LAVADO Y LIMPIEZA DE ARTÍCULOS DE TELA, CUERO Y/O DE PIEL, INCLUSO LA LIMPIEZA EN SECO",27,limpieza,hogar y construccion
Servicios odontológicos.,27,consultorio,salud
Venta al por mayor de productos lácteos (excepto quesos),27,mayorista,industria y deposito
"DE LAS CANCHAS DE TENIS, PADDLE TENIS, SQUASH, FRONTÓN, PELOTA A PALETA, FUTBOL 5,9,11, FUTBOL DE SALÓN, BASQUET Y OTRAS. CON ESCUELAS Y/O DE ALQUILER",26,instalaciones_deportivas,esparcimiento
SERVICIOS RELACIONADOS CON LA CONSTRUCCIÓN.,26,otro,otro
Venta al por mayor de productos farmacéuticos y veterinarios,26,mayorista,industria y deposito
ENSEÑANZA ESPECIAL Y PARA DISCAPACITADOS,26,educacion,educacion
Venta al por menor de textos usados,26,usados,comercio general
"INSTALACIÓN, EJECUCIÓN Y MANTENIMIENTO DE INSTALACIONES ELÉCTRICAS, ELECTROMECÁNICAS Y ELECTRÓNICAS N.C.P.",26,otro,otro
"Operaciones de préstamos que se efectúan a  Empresas Comerciales, Industriales, Agropecuarias o Servicios que no sean los otorgados por las entidades involucradas en los apartados anteriores. Con un mínimo por persona que desarrolle actividad inherente al",26,cobranzas,servicios profesionales
"FABRICACIÓN DE MUEBLES Y PARTES DE MUEBLES, PRINCIPALMENTE DE MADERA",26,fabricacion,industria y deposito
SERVICIOS DE SEGUROS PATRIMONIALES EXCEPTO LOS DE LAS ASEGURADORAS DE RIESGO DE TRABAJO (ART),25,seguros,servicios profesionales
Venta al por mayor en comisión o consignación de madera y materiales para la construcción,25,mayorista,industria y deposito
SERVICIOS DE GESTIÓN Y LOGÍSTICA PARA EL TRANSPORTE DE MERCADERÍAS N.C.P.,25,transporte,servicios profesionales
Venta al por menor de tapices y alfombras,25,articulos_hogar,hogar y construccion
"Galvanoplastia, esmaltado, y otros procesos similares en metales, incluyendo pulvimetalurgia, incluye estampado, prensado, forjado y laminado de metales",25,otro,otro
"IMPRESIÓN N.C.P., EXCEPTO DE DIARIOS Y REVISTAS",24,otro,otro
REPARACIÓN Y MANTENIMIENTO DE EQUIPOS INFORMÁTICOS,24,tecnologia,comercio general
SERVICIOS DE FOTOGRAFÍA,24,fotografia,comercio general
Venta al por mayor de cámaras y cubiertas,24,mayorista,industria y deposito
EMBOTELLADO DE AGUAS NATURALES Y MINERALES,24,otro,otro
Venta al por menor de herrajes en general,24,otro,otro
VENTA AL POR MAYOR DE ARTÍCULOS DE ILUMINACIÓN,24,mayorista,industria y deposito
VENTA EN COMISION AL POR MENOR DE COMBUSTIBLE PARA VEHÍCULOS AUTOMOTORES Y MOTOCICLETAS,24,venta_vehiculos,automotor
Servicio de mantenimiento de espacios verdes. Parquización.,24,otro,otro
Venta al por menor de armas y artículos de cuchillería. Armería. Cuchillería. Venta al por menor de artículos de caza y pesca,23,deportes,esparcimiento
VENTA AL POR MAYOR DE PRODUCTOS LÁCTEOS,23,mayorista,industria y deposito
Fabricación de estructuras metálicas para la construcción,23,fabricacion,industria y deposito
SERVICIO DE TRANSPORTE AUTOMOTOR DE CARGAS N.C.P,23,transporte,servicios profesionales
Venta de cospeles al por menor. Por la comisión,23,otro,otro
SERVICIOS DE PRÁCTICAS DE DIAGNÓSTICO EN LABORATORIOS,23,laboratorio_analisis,salud
SERVICIOS ODONTOLÓGICOS.,23,consultorio,salud
TRATAMIENTO Y REVESTIMIENTO DE METALES Y TRABAJOS DE METALES EN GENERAL,23,otro,otro
"Venta al por mayor de aceites y grasas comestibles, vinagres",23,mayorista,industria y deposito
"Fabricación y reparación de equipo profesional y científico, e instrumentos de medida y control no clasificados en otra parte",22,fabricacion,industria y deposito
VENTA AL POR MAYOR DE ACEITES Y GRASAS,22,mayorista,industria y deposito
"VENTA AL POR MAYOR DE FRUTAS, LEGUMBRES Y CEREALES SECOS Y EN CONSERVA",22,mayorista,industria y deposito
REPARACIÓN Y MANTENIMIENTO DE MÁQUINAS Y EQUIPO N.C.P.,22,otro,otro
Fabricación y reparación de equipos de computación.,22,fabricacion,industria y deposito
Alquiler y arrendamiento de maquinaria y equipo para la construcción y la industria (sin personal),22,otro,otro
FABRICACIÓN DE PRODUCTOS METÁLICOS PARA USO ESTRUCTURAL,22,fabricacion,industria y deposito
Obras de ingeniería civil n.c.p.,22,otro,otro
Servicio de tapicería (excluido p/automotores),22,otro,otro
MANTENIMIENTO Y REPARACIÓN DE FRENOS Y EMBRAGUES,22,otro,otro
Alquiler de automóviles sin chofer,22,otro,otro
Fabricación de aparatos y suministros eléctricos no clasificados en otra parte (incluye accesorios eléctricos),22,fabricacion,industria y deposito
"VENTA AL POR MAYOR DE MÁQUINAS, EQUIPO Y MATERIALES CONEXOS N.C.P.",21,mayorista,industria y deposito
FABRICACIÓN DE EQUIPO MÉDICO Y QUIRÚRGICO Y DE APARATOS ORTOPÉDICOS N.C.P.,21,fabricacion,industria y deposito
"VENTA AL POR MENOR DE PARTES, PIEZAS Y ACCESORIOS USADOS N.C.P.",21,repuestos,automotor
REPARACIÓN DE CALZADO Y ARTÍCULOS DE MARROQUINERÍA,21,calzado,indumentaria
"Servicios de hospital de día. (Incluye las actividades de tratamiento que no necesitan hospitalización a tiempo completo, tales como tratamientos oncológicos; infectológicos; dialíticos; atención de la salud mental; atención pediátrica; atención gerontoló",21,otro,otro
"SERVICIOS DE ALOJAMIENTO EN HOTELES, HOSTERÍAS Y RESIDENCIALES SIMILARES, EXCEPTO POR HORA, QUE INCLUYEN SERVICIO DE RESTAURANTE AL PÚBLICO",21,turismo,servicios profesionales
SERVICIOS DE ENTIDADES DE TARJETA DE COMPRA Y/O CRÉDITO,21,otro,otro
VENTA AL POR MENOR DE EQUIPOS  Y ARTÍCULOS DEPORTIVOS ,21,deportes,esparcimiento
"SERVICIOS DE ORGANIZACIÓN DE CONVENCIONES Y EXPOSICIONES COMERCIALES, EXCEPTO CULTURALES Y DEPORTIVOS",21,otro,otro
SERVICIOS DE PROVEEDORES DE ATENCIÓN MÉDICA DOMICILIARIA,20,otro,otro
"INSTALACIONES DE GAS, AGUA, SANITARIOS Y DE CLIMATIZACIÓN, CON SUS ARTEFACTOS CONEXOS",20,construccion,hogar y construccion
Venta por menor de  motocicletas nuevas y usadas en consignación,20,venta_vehiculos,automotor
Venta al por mayor de legumbres y cereales,20,mayorista,industria y deposito
"Hotel categoría 1 estrella. Con un mínimo por cada habitación de $ 14,30",20,turismo,servicios profesionales
"Venta, distribución y fraccionamiento al por mayor de productos dietéticos.",20,mayorista,industria y deposito
MANTENIMIENTO Y REPARACIÓN DE MOTOCICLETAS,20,venta_vehiculos,automotor
OBRAS SOCIALES,19,otro,otro
SERVICIOS DE CALL CENTER ,19,otro,otro
Estudio fotográfico. Laboratorio,19,laboratorio_analisis,salud
VENTA AL POR MAYOR DE PAPEL Y PRODUCTOS DE PAPEL Y CARTÓN EXCEPTO ENVASES,19,mayorista,industria y deposito
Fabricación de envases de plástico,19,fabricacion,industria y deposito
Fabricación de productos químicos n.c.p. (Incluye aceites esenciales),19,fabricacion,industria y deposito
"Emisión u organización de rifas, bonos, cupones, billetes o similares",18,otro,otro
VENTA AL POR MAYOR DE ALIMENTOS BALANCEADOS PARA ANIMALES,18,mayorista,industria y deposito
Compra y Venta de títulos y Casas de Cambio. Con un mínimo por empleado de $ 203,18,cobranzas,servicios profesionales
VENTA AL POR MAYOR DE ARTÍCULOS DE LIBRERÍA Y PAPELERÍA,18,mayorista,industria y deposito
ALQUILER DE AUTOMÓVILES SIN CONDUCTOR,18,otro,otro
"Hotel categoría 2 estrellas. Con un mínimo por cada habitación de $ 17,75",18,turismo,servicios profesionales
SERVICIOS DE ARQUITECTURA E INGENIERÍA Y SERVICIOS CONEXOS DE ASESORAMIENTO TÉCNICO N.C.P.,18,otro,otro
SERVICIO DE DISEÑO ESPECIALIZADO,18,otro,otro
Elaboración artesanal de helados,18,heladeria,gastronomia
VENTA AL POR MENOR EN HIPERMERCADOS,18,otro,otro
Fábrica de textiles en general,17,merceria,indumentaria
Servicio de Web Hosting,17,otro,otro
"Alquiler de vajilla, mobiliario y elemento de fiesta",17,bazar,hogar y construccion
VENTA AL POR MAYOR DE SEMILLAS Y GRANOS PARA FORRAJES,17,mayorista,industria y deposito
Venta de pañales por mayor,17,mayorista,industria y deposito
"Venta al por mayor de artículos de tapicería, tapices y alfombras",17,mayorista,industria y deposito
VENTA DE ROPA Y ACCESORIOS EN LA MODALIDAD DE FERIA,17,ropa,indumentaria
"Fabricación de productos de madera, de corcho, caña y mimbre no clasificados en otra parte",17,fabricacion,industria y deposito
"Instalaciones para edificios y obras de ingeniería civil n.c.p. (incluye aislamiento término, acústico, antivibratorio, )",17,otro,otro
"Venta al por mayor de equipos e implementos de uso en los sectores agropecuario, jardinería, silvicultura, pesca y caza",17,mayorista,industria y deposito
FABRICACIÓN DE SODAS,17,fabricacion,industria y deposito
VENTA AL POR MAYOR DE EQUIPOS DE TELEFONÍA Y COMUNICACIONES,17,mayorista,industria y deposito
SERVICIOS DE ORGANIZACIONES EMPRESARIALES Y DE EMPLEADORES,17,otro,otro
Correo electrónico - Provisión de Servicios de internet                                                                                                                                                            Con un mínimo mensual por abonado o conectad,17,otro,otro
REPARACIÓN Y MANTENIMIENTO DE MAQUINARIA DE USO GENERAL,16,otro,otro
Venta al por menor de plaguicidas,16,otro,otro
"VENTA AL POR MAYOR EN COMISIÓN O CONSIGNACIÓN DE ALIMENTOS, BEBIDAS Y TABACO N.C.P.",16,mayorista,industria y deposito
SERVICIOS DE MENSAJERÍAS,16,otro,otro
VENTA AL POR MAYOR EN COMISIÓN O CONSIGNACIÓN DE MERCADERÍAS N.C.P.,16,mayorista,industria y deposito
VENTA AL POR MENOR DE DIARIOS Y REVISTAS,16,otro,otro
SERVICIOS COMPLEMENTARIOS DE APOYO TURÍSTICO N.C.P.,16,otro,otro
"SERVICIOS DE ORGANIZACION, DIRECCION Y GESTION DE PRACTICAS DEPORTIVAS EN CLUBES",16,otro,otro
SERVICIOS DE SEGUROS DE SALUD,16,seguros,servicios profesionales
Receptoría de lavandería tintorería,16,lavanderia,servicios personales
Transporte urbano de cargas n.c.p. (incluye fletes),16,transporte,servicios profesionales
Venta y distribución al por mayor de otros productos y subproductos ganaderos y agrícolas,16,mayorista,industria y deposito
Lavado y limpieza de lana. Lavadero,16,otro,otro
"FABRICACIÓN DE CALZADO DE CUERO, EXCEPTO CALZADO DEPORTIVO Y ORTOPÉDICO",16,fabricacion,industria y deposito
CONSTRUCCIÓN DE OBRAS DE INGENIERÍA CIVIL N.C.P.,16,otro,otro
Venta al por mayor de tejidos,16,mayorista,industria y deposito
"Fabricación de calzado de tela y otros materiales (excluido de caucho vulcanizado o moldeado, de madera o de plásticos)",16,fabricacion,industria y deposito
"Fabricación de puertas, ventanas y estructuras de madera para la construcción. Carpintería de obras",16,fabricacion,industria y deposito
VENTA AL POR MAYOR DE CIGARRILLOS Y PRODUCTOS DE TABACO,16,mayorista,industria y deposito
"Bar con música, sin espectáculo público, instalado dentro del perímetro y tramos establecidos por el Artículo 142° de la presente.-",16,bar_restaurante,gastronomia
VENTA AL POR MAYOR DE MÁQUINAS - HERRAMIENTA DE USO GENERAL,15,mayorista,industria y deposito
Fraccionamiento y distribuidores al por mayor de gas licuado (incluye envasado de garrafas),15,mayorista,industria y deposito
ESCUELA DE YOGA TERAPIA,15,otro,otro
"Laminación y estirado. Laminadoras. Cortes, doblado y plegado de chapas /o aceros",15,otro,otro
"Fabricación de perfumes, cosméticos y otros productos de higiene y tocador",15,fabricacion,industria y deposito
VENTA AL POR MENOR DE ARTÍCULOS DE ÓPTICA Y ORTOPEDIA,15,optica,salud
RECTIFICACIÓN DE MOTORES,15,otro,otro
Fabricación de productos de caucho n.c.p.,15,fabricacion,industria y deposito
Fabricación de artículos confeccionados con materiales textiles. n.c.p. (excepto prendas de vestir),15,fabricacion,industria y deposito
"Alojamiento temporario de departamentos y casas con servicios y appart-hotel, por unidad, departamento y casa. Con un mínimo por cada uno de $ 47,50",15,turismo,servicios profesionales
"VENTA AL POR MAYOR DE ARTÍCULOS PARA PLOMERÍA, INSTALACIÓN DE GAS Y CALEFACCIÓN",15,mayorista,industria y deposito
"Elaboración de caramelos, golosinas y otros productos de confiterías n.c.p.",15,fabricacion,industria y deposito
Distribución y venta al por mayor de productos y subproductos de molinería,15,mayorista,industria y deposito
"SERVICIOS DE MUTUALES, EXCEPTO MUTUALES DE SALUD Y FINANCIERAS",15,otro,otro
"Servicio de organización integral de eventos y servicios conexos propios (catering, propalación, )",15,otro,otro
VENTA AL POR MAYOR EN COMISIÓN O CONSIGNACIÓN DE  MERCADERÍAS N.C.P.,14,mayorista,industria y deposito
Alquiler de computadoras y sus equipos y máquinas de oficina cálculo y contabilidad,14,otro,otro
VENTA AL POR MAYOR DE ELECTRODOMÉSTICOS Y ARTEFACTOS PARA EL HOGAR EXCEPTO EQUIPOS DE AUDIO Y VIDEO,14,mayorista,industria y deposito
"IMPRESIÓN N.C.P., EXCEPTO DE DIARIOS Y REVISTAS     ",14,otro,otro
Venta al por mayor de chatarra,14,mayorista,industria y deposito
REPARACIÓN Y MANTENIMIENTO DE MAQUINARIA DE USO ESPECIAL N.C.P.,14,otro,otro
VENTA AL POR MAYOR DE UNIFORMES Y ROPA DE TRABAJO,14,mayorista,industria y deposito
"Fabricación de preparados para la limpieza, pulido y saneamiento",14,fabricacion,industria y deposito
Tintorería,14,lavanderia,servicios personales
SERVICIO DE MENSAJERÍA Y CADETERÍA,14,transporte,servicios profesionales
ENSAYOS Y ANÁLISIS TÉCNICOS,14,otro,otro
"VENTA AL POR MAYOR DE MANTELERÍA, ROPA DE CAMA Y ARTÍCULOS TEXTILES PARA EL HOGAR",14,mayorista,industria y deposito
VENTA AL POR MAYOR DE PRODUCTOS Y SUBPRODUCTOS DE MOLINERÍA N.C.P.,14,mayorista,industria y deposito
"VENTA AL POR MENOR DE LIBROS, REVISTAS Y SIMILARES USADOS",14,libreria,comercio general
Fraccionamiento y venta al por mayor de azúcar,14,mayorista,industria y deposito
Fábrica de bolsas de polietileno,14,otro,otro
VENTA AL POR MAYOR DE AZÚCAR,14,mayorista,industria y deposito
Escuela para discapacitados mentales y físicos,14,otro,otro
ACTIVIDADES DE CRÉDITO PARA FINANCIAR OTRAS ACTIVIDADES ECONÓMICAS,13,comercio_otros,comercio general
"VENTA AL POR MAYOR DE PRODUCTOS INTERMEDIOS N.C.P., DESPERDICIOS Y DESECHOS METÁLICOS",13,mayorista,industria y deposito
SERVICIOS DE INTERNACIÓN EXCEPTO INSTITUCIONES RELACIONADAS CON LA SALUD MENTAL,13,otro,otro
SERVICIOS DE ALQUILER DE CONSULTORIOS MÉDICOS,13,consultorio,salud
"Transporte de valores, documentación y similares",13,transporte,servicios profesionales
"Movimiento de suelos y preparación de terrenos para obras n.c.p. (Incluye el drenaje, remoción de rocas, excavación de zanjas para servicios públicos, alcantarillado urbano y para construcciones diversas, movimientos de tierras para hacer terraplenes o de",13,otro,otro
"SERVICIOS DE ATENCIÓN MÉDICA EN DISPENSARIOS, SALITAS, VACUNATORIOS Y OTROS LOCALES DE ATENCIÓN PRIMARIA DE LA SALUD",13,otro,otro
VENTA AL POR MAYOR DE BEBIDAS ESPIRITOSAS,13,mayorista,industria y deposito
VENTA AL POR MAYOR DE PRODUCTOS DE MADERA EXCEPTO MUEBLES,13,mayorista,industria y deposito
SERVICIOS DE CONSULTORES EN TECNOLOGÍA DE LA INFORMACIÓN,13,otro,otro
Fábrica industrial de helados,13,heladeria,gastronomia
FABRICACIÓN DE ENVASES PLÁSTICOS,13,fabricacion,industria y deposito
"Hostería categoría 2 y 1 estrellas. Con un mínimo por cada habitación de $ 14,50.-",13,turismo,servicios profesionales
"VENTA AL POR MENOR DE MADERAS Y ARTÍCULOS DE MADERA Y CORCHO, EXCEPTO MUEBLES",12,muebleria,hogar y construccion
"VENTA AL POR MAYOR DE PARTES, PIEZAS Y ACCESORIOS DE VEHÍCULOS AUTOMOTORES",12,mayorista,industria y deposito
Venta al por mayor de mantelería y ropa de cama,12,mayorista,industria y deposito
Fabricación y reparación de máquinas y aparatos industriales eléctricos no clasificados en otra parte,12,fabricacion,industria y deposito
Venta al por mayor de vidrios planos y templados,12,mayorista,industria y deposito
"Venta al por mayor  de joyas, relojes y artículos conexos",12,mayorista,industria y deposito
Venta por mayor de semillas,12,mayorista,industria y deposito
Venta al por menor de productos de caucho n.c.p.,12,otro,otro
"Tostado, torrado y molienda de café",12,fabricacion,industria y deposito
Supermercado una superficie total superior a 2.001 m2,12,almacen,alimentos
SERVICIOS DE LOCUTORIOS,12,locutorio,servicios personales
"VENTA AL POR MAYOR DE ARTÍCULOS DE RELOJERÍA, JOYERÍA Y FANTASÍAS",12,mayorista,industria y deposito
"Fabricación de pinturas, barnices, lacas, esmaltes y productos similares y conexos (excepto tintas)",12,fabricacion,industria y deposito
"Hotel categoría 3 estrellas. Con un mínimo por cada habitación de $ 22,75",12,turismo,servicios profesionales
"Compañías Financieras, Caja de Créditos, Sociedades de Crédito para consumo comprendidas en la Ley de Entidades Financieras y autorizadas por el Banco Central de la República Argentina. Con un mínimo por persona que desarrolle actividad inherente al giro",12,cobranzas,servicios profesionales
VENTA AL POR MENOR DE COMBUSTIBLE n.c.p COMPRENDIDOS EN LEY 23966 PARA VEHÍCULOS AUTOMOTORES Y MOTOCICLETAS EXCEPTO LA REALIZADA POR REFINERIAS,12,venta_vehiculos,automotor
"Fabricación y reparación de maquinaria y equipo para trabajar los metales, incluyendo máquinas herramienta y máquinas para metalurgia",12,fabricacion,industria y deposito
"VENTA AL POR MAYOR DE MUEBLES EXCEPTO DE OFICINA, ARTÍCULOS DE MIMBRE Y CORCHO, COLCHONES Y SOMIERES",12,mayorista,industria y deposito
Venta al por mayor de prendas de vestir de cuero (excepto calzado),12,mayorista,industria y deposito
VENTA AL POR MAYOR DE ENVASES DE PAPEL Y CARTÓN,12,mayorista,industria y deposito
Venta al por mayor de artículos para deportes y camping,12,mayorista,industria y deposito
VENTA AL POR MAYOR DE METALES Y MINERALES METALÍFEROS,12,mayorista,industria y deposito
VENTA AL POR MAYOR DE TEJIDOS (TELAS),12,mayorista,industria y deposito
Venta al por mayor de bicicletas y rodados similares,12,mayorista,industria y deposito
Elaboración de alimentos de cereales,12,fabricacion,industria y deposito
FABRICACIÓN DE APARATOS DE DISTRIBUCIÓN Y CONTROL DE LA ENERGÍA ELÉCTRICA,11,fabricacion,industria y deposito
SERVICIOS DE ADMINISTRACIÓN DE CONSORCIOS DE EDIFICIOS,11,otro,otro
"Venta al por mayor de artículos de mercería, medias y artículos de punto",11,mayorista,industria y deposito
Venta al por mayor de vinos sin fraccionamiento,11,mayorista,industria y deposito
Costurera con superficie menor a 100 m2,11,otro,otro
SERVICIOS DE COMERCIALIZACION DE TIEMPO Y ESPACIO PUBLICITARIO,11,otro,otro
Venta de materiales de rezago y chatarra,11,otro,otro
FABRICACIÓN DE EQUIPOS Y PRODUCTOS INFORMÁTICOS,11,fabricacion,industria y deposito
"Operaciones de préstamos y demás operaciones detalladas en el artículo 269 bis) incisos 1, 2 y 3, efectuadas por asociaciones profesionales, Entidades Mutuales, gremiales o sindicales.",11,cobranzas,servicios profesionales
Aseguradora de riesgo de trabajo (A.R.T.),11,otro,otro
"Publicidad realizada por medio de carteles, pantallas y paneles luminosos, iluminados, electrónicos, mecánicos y similares. Con una superficie de mas de 25 metros cuadrados por cartel. La cantidad de metros a declarar en este subrubro, se refiere a la sum",11,otro,otro
"VENTA AL POR MAYOR DE COMBUSTIBLES, LUBRICANTES, LEÑA Y CARBÓN, EXCEPTO GAS LICUADO Y COMBUSTIBLES Y LUBRICANTES PARA AUTOMOTORES",11,mayorista,industria y deposito
Venta al por mayor en comisión o consignación de bebidas alcohólicas,11,mayorista,industria y deposito
Elaboración de alimentos preparados para animales,11,fabricacion,industria y deposito
"Venta al por mayor de aberturas (puertas, ventanas, armazones)",11,mayorista,industria y deposito
"Acabado de textiles (incluye blanqueo, teñido y estampado)",11,merceria,indumentaria
INSTALACIÓN Y REPARACIÓN DE CAÑOS DE ESCAPE Y RADIADORES,11,otro,otro
"Pintura, empapelado y trabajos de decoración",11,articulos_hogar,hogar y construccion
OPERACIONES DE INTERMEDIACIÓN DE CARNE EXCEPTO CONSIGNATARIO DIRECTO,11,otro,otro
"EDICIÓN DE LIBROS, FOLLETOS, Y OTRAS PUBLICACIONES",11,libreria,comercio general
"Venta al por mayor de artículos y objetos de barro, loza y porcelana",11,mayorista,industria y deposito
"SERVICIOS DE CONTABILIDIDAD, AUDITORÍA Y ASESORÍA FISCAL",11,otro,otro
Reparación de muebles metálicos (carpintería),11,muebleria,hogar y construccion
VENTA AL POR MAYOR DE COMBUSTIBLES N.C.P  Y LUBRICANTES PARA AUTOMOTORES,11,mayorista,industria y deposito
VENTA AL POR MAYOR DE PESCADO,11,mayorista,industria y deposito
"SERVICIOS DE ASESORAMIENTO, DIRECCIÓN Y GESTIÓN EMPRESARIAL REALIZADOS POR INTEGRANTES DE LOS ÓRGANOS DE ADMINISTRACIÓN Y/O FISCALIZACIÓN EN SOCIEDADES ANÓNIMAS",11,otro,otro
"INSTALACIONES DE CARPINTERÍA, HERRERÍA DE OBRA Y ARTÍSTICA",11,otro,otro
Escuela de conductores,11,otro,otro
Fabricación de premoldeados para la construcción (incluye viviendas premoldeadas),11,fabricacion,industria y deposito
Fabricación y reparación de accesorios de máquinas y equipos n.c.p. (excepto los eléctricos),11,fabricacion,industria y deposito
"Matanza, preparación, elaboración y conservación de carnes de aves",10,carniceria,alimentos
VENTA POR MAYOR DE MEDICAMENTOS Y ACCESORIOS PARA ANIMALES,10,mayorista,industria y deposito
Venta al por mayor en comisión o consignación de productos medicinales,10,mayorista,industria y deposito
Venta al por mayor de aparatos fotográficos e instrumentos de óptica,10,mayorista,industria y deposito
REPARACIÓN Y MANTENIMIENTO DE MAQUINARIA Y APARATOS ELÉCTRICOS,10,otro,otro
SERVICIOS DE LIMPIEZA DE PRENDAS PRESTADO POR TINTORERÍAS RÁPIDAS,10,lavanderia,servicios personales
Fabricación de partes o accesorios del calzado,10,fabricacion,industria y deposito
VENTA AL POR MAYOR DE PRODUCTOS VETERINARIOS,10,mayorista,industria y deposito
SERVICIOS AUXILIARES A LA INTERMEDIACIÓN FINANCIERA N.C.P.,10,cobranzas,servicios profesionales
VENTA AL POR MAYOR DE CALZADO EXCEPTO EL ORTOPÉDICO,10,mayorista,industria y deposito
SERVICIOS DE SISTEMAS DE SEGURIDAD,10,otro,otro
Fabricación de artículos de papel y cartón n.c.p.,10,fabricacion,industria y deposito
"REPARACIÓN DE AUTOMOTORES Y MOTOCICLETAS (MOTORES Y MECÁNICA INTEGRAL; INCLUIDOS CARBURADOR, RADIADOR,  Y SERVICIO DE AUXILIO Y REMOLQUE DE AUTOMOTORES). INCLUYE INSTALACIÓN DE EQUIPOS DE G.N.C.",10,taller_mecanico,automotor
VENTA AL POR MAYOR DE COMPONENTES ELECTRÓNICOS,10,mayorista,industria y deposito
"Fabricación y reparación de motores eléctricos, transformadores y generadores",10,fabricacion,industria y deposito
SERVICIOS DE PRÁCTICAS DE DIAGNÓSTICO POR IMÁGENES,10,otro,otro
VENTA AL POR MAYOR DE JUGUETES,10,mayorista,industria y deposito
ALQUILER DE EFECTOS PERSONALES Y ENSERES DOMÉSTICOS N.C.P.,10,otro,otro
SERVICIOS DE HOSPEDAJE TEMPORAL N.C.P.,10,turismo,servicios profesionales
"Construcción o reparación de calles, puentes, aeropuertos, centrales hidroeléctricas y/u obras pesadas similares",10,otro,otro
VENTA AL POR MAYOR DE ARTÍCULOS DE MERCERÍA,10,mayorista,industria y deposito
"SERVICIOS DE ASESORAMIENTO, DIRECCIÓN Y GESTIÓN EMPRESARIAL REALIZADOS POR INTEGRANTES DE CUERPOS DE DIRECCIÓN EN SOCIEDADES EXCEPTO LAS ANÓNIMAS",10,otro,otro
SERVICIOS DE SEGUROS DE VIDA,10,seguros,servicios profesionales
"Colocación de carpintería y herrería de obra, vidrios y cerramientos",10,otro,otro
"CONFECCIÓN DE ROPA DE TRABAJO, UNIFORMES Y GUARDAPOLVOS",10,ropa,indumentaria
Fabricación y reparación de maquinaria y equipo para uso vial,10,fabricacion,industria y deposito
Fabricación de pastas secas,10,fabricacion,industria y deposito
SERVICIOS DE SINDICATOS,10,otro,otro
Distribución y venta al por mayor de productos de caucho,10,mayorista,industria y deposito
SERVICIOS DE TELEFONÍA MÓVIL,10,tecnologia,comercio general
Servicios de guardería de animales (excepto caballerizas y studs),10,educacion,educacion
Fabricación de artefactos eléctricos para la iluminación,10,fabricacion,industria y deposito
"Publicidad realizada por medio de carteles, pantallas y paneles luminosos, iluminados, electrónicos, mecánicos y similares. Con una superficie de 2,01 hasta 10 metros cuadrados por cartel. La cantidad de metros a declarar en este subrubro, se refiere a la",9,otro,otro
"Servicio de transporte automotor urbano y suburbano no regular de pasajeros de oferta libre, excepto mediante taxis y remises, alquiler de autos con chofer y transporte escolar",9,transporte,servicios profesionales
INDUSTRIAS MANUFACTURERAS N.C.P.,9,otro,otro
"FABRICACIÓN DE PRODUCTOS DE MADERA N.C.P, FABRICACIÓN DE ARTÍCULOS DE PAJA Y MATERIALES TRENZABLES",9,fabricacion,industria y deposito
Edición de libros y publicaciones. Editoriales con talleres propios,9,taller_mecanico,automotor
SERVICIOS DE PROVEEDORES DE ACCESO A INTERNET,9,otro,otro
Cama solar,9,otro,otro
Fabricación de productos minerales no metálicos n.c.p.,9,fabricacion,industria y deposito
Venta al por mayor de pescados y productos marinos,9,mayorista,industria y deposito
TERMINACIÓN Y REVESTIMIENTO DE PAREDES Y PISOS,9,otro,otro
VENTA AL POR MAYOR DE COMBUSTIBLES N.C.P Y LUBRICANTES PARA AUTOMOTORES,9,mayorista,industria y deposito
VENTA AL POR MAYOR DE ARTÍCULOS DE USO DOMÉSTICO O PERSONAL N.C.P,9,mayorista,industria y deposito
Venta al por mayor en comisión o consignación de productos textiles,9,mayorista,industria y deposito
"Venta al por mayor de fibras, hilados e hilos",9,mayorista,industria y deposito
OBTENCIÓN Y DOTACIÓN DE PERSONAL,9,otro,otro
Venta al por mayor de automotores nuevos y  usados,9,mayorista,industria y deposito
"Fabricación y reparación de bombas, compresores y maquinaria o equipos similares",9,fabricacion,industria y deposito
"Publicidad realizada por medio de carteles, pantallas y paneles luminosos, iluminados, electrónicos, mecánicos y similares. Con una superficie de hasta 2 metros cuadrados por cartel. La cantidad de metros a declarar en este subrubro, se refiere a la sumat",9,otro,otro
SERVICIOS DE TELECOMUNICACIONES N.C.P.,9,otro,otro
"Terminación de edificios y obras de ingeniería civil n.c.p. (Incluye trabajos de ornamentación, limpieza exterior de edificios con vapor, chorro de arena u otros métodos)",9,otro,otro
Colocación de pisos y revestimientos n.c.p. (incluye plastificado de pisos),9,otro,otro
"VENTA AL POR MAYOR DE MÁQUINAS, EQUIPOS E IMPLEMENTOS DE USO ESPECIAL N.C.P.",9,mayorista,industria y deposito
FABRICACIÓN DE MEDICAMENTOS (LABORATORIOS),9,fabricacion,industria y deposito
Venta al por menor de sustancias químicas industriales,9,otro,otro
VENTA AL POR MAYOR DE VINO,9,mayorista,industria y deposito
VENTA AL POR MAYOR DE MUEBLES E INSTALACIONES PARA OFICINAS,9,mayorista,industria y deposito
Despachante de aduana y balanceadores,9,otro,otro
Fabricación y reparación de maquinaria agropecuaria y forestal (excepto tractores),9,fabricacion,industria y deposito
"ALQUILER DE MAQUINARIA Y EQUIPO DE CONSTRUCCIÓN E INGENIERÍA CIVIL, SIN OPERARIOS",9,otro,otro
"REPARACIÓN Y MANTENIMIENTO DE INSTRUMENTOS MÉDICOS,ÓPTICOS Y DE PRECISIÓN,EQUIPO FOTOGRÁFICO,APARATOS PARA MEDIR,ENSAYAR O NAVEGAR,RELOJES,EXCEPTO PARA USO PERSONAL O DOMÉSTICO",9,bijouterie,indumentaria
Reparación y mantenimiento de ascensores,9,otro,otro
Servicio de transporte automotor de cargas n.c.p.,9,transporte,servicios profesionales
Sex shop (conforme a la tipificación que fije el DEM),9,otro,otro
"Elaboración, envasado y conservación de frutas, legumbres y hortalizas n.c.p. (Incluye la elaboración de sémola de hortalizas y legumbres)",9,fabricacion,industria y deposito
"FABRICACIÓN DE INSTRUMENTOS Y APARATOS PARA MEDIR, VERIFICAR, ENSAYAR, NAVEGAR Y OTROS FINES, EXCEPTO EL EQUIPO DE CONTROL DE PROCESOS INDUSTRIALES",9,fabricacion,industria y deposito
FABRICACIÓN DE PRODUCTOS TEXTILES N.C.P.,9,fabricacion,industria y deposito
Compra y venta de oro,9,otro,otro
Escuela de natación,9,otro,otro
"VENTA AL POR MAYOR DE PRODUCTOS INTERMEDIOS N.C.P., DESPERDICIOS Y DESECHOS DE PAPEL Y CARTÓN",9,mayorista,industria y deposito
"Hormigonado, hincado de pilotes, cimentación y otros trabajos de hormigón armado",9,otro,otro
ELABORACIÓN INDUSTRIAL DE HELADOS,9,heladeria,gastronomia
"Servicios de transmisión de sonido, imágenes, datos u otra información",9,otro,otro
Fabricación y armado de bicicletas y rodados similares,8,fabricacion,industria y deposito
"VENTA AL POR MAYOR DE ARTÍCULOS DE LOZA, CERÁMICA Y PORCELANA DE USO EN CONSTRUCCIÓN",8,mayorista,industria y deposito
SERVICIOS COMPLEMENTARIOS PARA EL TRANSPORTE TERRESTRE N.C.P.,8,transporte,servicios profesionales
Venta al por mayor de textos nuevos,8,mayorista,industria y deposito
SERVICIOS RELACIONADOS CON LA ELECTRÓNICA Y LAS COMUNICACIONES,8,tecnologia,comercio general
CRIADERO DE POLLOS PARA CONSUMO (CARNE Y HUEVOS),8,otro,otro
Fabricación de productos de caucho destinados a la industria automotor (excepto cámaras y cubiertas),8,fabricacion,industria y deposito
Montajes industriales,8,otro,otro
VENTA AL POR MAYOR DE PINTURAS Y PRODUCTOS CONEXOS,8,mayorista,industria y deposito
"VENTA AL POR MAYOR DE ABONOS, FERTILIZANTES Y PLAGUICIDAS",8,mayorista,industria y deposito
SERVICIO DE TRANSPORTE AUTOMOTOR URBANO DE CARGA N.C.P.,8,transporte,servicios profesionales
ACTIVIDADES ESPECIALIZADAS DE CONSTRUCCIÓN N.C.P.,8,otro,otro
"Venta al por mayor en comisión o consignación de energía eléctrica, gas y combustibles",8,mayorista,industria y deposito
Fabricación y reparación de equipos de distribución y transmisión de electricidad,8,fabricacion,industria y deposito
PROCESAMIENTO DE DATOS,8,otro,otro
FRACCIONAMIENTO Y DISTRIBUCIÓN DE GAS LICUADO,8,otro,otro
Venta al por mayor de tarjetas magnéticas de telefonía,8,mayorista,industria y deposito
FABRICACIÓN DE PRENDAS DE VESTIR Y ARTÍCULOS SIMILARES DE PUNTO,8,fabricacion,industria y deposito
SERVICIOS DE TURISMO AVENTURA,8,turismo,servicios profesionales
"RECOLECCIÓN, TRANSPORTE, TRATAMIENTO Y DISPOSICIÓN FINAL DE RESIDUOS NO PELIGROSOS ",8,transporte,servicios profesionales
"Fabricación de productos de cuero y sucedáneos de cuero (excepto calzado y prendas vestir). Incluye maletas, bolsos de mano y similares, artículos de talabartería y de cuero n.c.p.",8,fabricacion,industria y deposito
"Fabricación de motocicletas, vehículos similares y sus partes, incluyendo el motor",8,fabricacion,industria y deposito
"Hotel categoría 4 estrellas. Con un mínimo por cada habitación de $ 32,75.-",8,turismo,servicios profesionales
"TOSTADO, TORRADO Y MOLIENDA DE CAFÉ",8,fabricacion,industria y deposito
SERVICIOS DE TELECOMUNICACIÓN VÍA INTERNET N.C.P.,8,otro,otro
Tapizado y retapizado de automotores,8,otro,otro
"FABRICACIÓN DE MOTORES, GENERADORES Y TRANSFORMADORES ELÉCTRICOS",8,fabricacion,industria y deposito
VENTA AL POR MAYOR DE BEBIDAS ESPIRITUOSAS,8,mayorista,industria y deposito
Fabricación de artículos de lona y sucedáneos de lona,8,fabricacion,industria y deposito
ELABORACIÓN DE ALIMENTOS PREPARADOS PARA ANIMALES,8,fabricacion,industria y deposito
SERVICIOS BURSÁTILES DE MEDIACIÓN O POR CUENTA DE TERCEROS,8,otro,otro
FABRICACIÓN DE EQUIPO MÉDICO Y QUIRÚRGICO Y DE APARATOS ORTOPÉDICOS PRINCIPALMENTE ELECTRÓNICOS Y/O ELÉCTRICOS,8,fabricacion,industria y deposito
SERVICIOS DE CONSULTORES EN EQUIPO DE INFORMÁTICA,8,tecnologia,comercio general
Venta al por mayor de artículos de cristal y vidrio,7,mayorista,industria y deposito
SERVICIOS DE MENSAJERÍAS.,7,otro,otro
FABRICACIÓN DE ARTÍCULOS DE PAPEL Y CARTÓN N.C.P.,7,fabricacion,industria y deposito
FABRICACIÓN DE MEDICAMENTOS DE USO HUMANO Y PRODUCTOS FARMACÉUTICOS,7,fabricacion,industria y deposito
VENTA AL POR MAYOR DE MÁQUINAS Y EQUIPO DE CONTROL Y SEGURIDAD,7,mayorista,industria y deposito
EDICIÓN N.C.P.,7,otro,otro
SERVICIOS DE ORGANIZACIONES PROFESIONALES,7,otro,otro
"Elaboración, envasado y conservación de frutas y legumbres",7,otro,otro
Fabricación de acumuladores y pilas eléctricas,7,fabricacion,industria y deposito
"VENTA AL POR MAYOR EN COMISIÓN O CONSIGNACIÓN DE MAQUINARIA, EQUIPO PROFESIONAL INDUSTRIAL Y COMERCIAL, EMBARCACIONES Y AERONAVES",7,mayorista,industria y deposito
"Elaboración de bebidas no alcohólicas (incluye bebidas refrescantes, gaseosas, , excepto jugos o jarabes para diluir)",7,fabricacion,industria y deposito
"CORTE, TALLADO Y ACABADO DE LA PIEDRA",7,otro,otro
Venta al por mayor de abonos y plaguicidas,7,mayorista,industria y deposito
"Venta al por mayor en comisión o consignación de máquinas, equipos y aparatos de uso doméstico, incluidos los electrónicos",7,mayorista,industria y deposito
"VENTA AL POR MAYOR DE MÁQUINAS, EQUIPOS E IMPLEMENTOS DE USO EN LOS SECTORES AGROPECUARIO, JARDINERÍA, SILVICULTURA, PESCA Y CAZA",7,mayorista,industria y deposito
REASEGUROS,7,otro,otro
Fabricación de artículos de vidrio y cristal excepto espejos y vitrales,7,fabricacion,industria y deposito
SERVICIOS DE EMERGENCIAS Y TRASLADOS,7,otro,otro
"FABRICACIÓN DE ARTÍCULOS CONFECCIONADOS DE MATERIALES TEXTILES N.C.P., EXCEPTO PRENDAS DE VESTIR",7,fabricacion,industria y deposito
"FORJADO, PRENSADO, ESTAMPADO Y LAMINADO DE METALES, PULVIMETALURGIA",7,otro,otro
"VENTA AL POR MAYOR DE EQUIPOS DE AUDIO, VIDEO Y TELEVISIÓN",7,mayorista,industria y deposito
SERVICIOS RELACIONADOS CON LA IMPRESIÓN      ,7,otro,otro
"Elaboración de cacao, chocolate, bombones y otros productos similares a base de cacao",7,fabricacion,industria y deposito
"Frigoríficos, matanza de ganado, preparación y conservación de sus carnes",7,carniceria,alimentos
Alquiler y arrendamiento de máquinas para salones de entretenimientos,7,otro,otro
"Fabricación de productos de piedra, mármol y granito (incluye corte y tallado)",7,fabricacion,industria y deposito
"ALQUILER DE MAQUINARIA Y EQUIPO DE OFICINA, INCLUSO COMPUTADORAS",7,otro,otro
Refinación y fraccionamiento de azúcar,7,otro,otro
"Elaboración de concentrados: café, te",7,fabricacion,industria y deposito
ACTIVIDADES ESPECIALIZADAS DE CONSTRUCCIÓN N.C.P. ,7,otro,otro
ELABORACIÓN DE BEBIDAS NO ALCOHÓLICAS N.C.P.,7,fabricacion,industria y deposito
FABRICACIÓN DE PRODUCTOS QUÍMICOS N.C.P.,7,fabricacion,industria y deposito
SERVICIOS DE ALMACENAMIENTO Y DEPÓSITO EN SILOS,7,deposito,industria y deposito
"VENTA AL POR MENOR DE MADERAS Y ARTÍCULOS DE MADERA  Y CORCHO, EXCEPTO MUEBLES",7,muebleria,hogar y construccion
SERVICIOS DE GESTIÓN DE FONDOS A CAMBIO DE UNA RETRIBUCIÓN O POR CONTRATA,7,cobranzas,servicios profesionales
"RECOLECCIÓN, TRANSPORTE, TRATAMIENTO Y DISPOSICIÓN FINAL DE RESIDUOS NO PELIGROSOS",7,transporte,servicios profesionales
Servicios de atención domiciliaria programada. (Incluye las actividades llevadas a cabo en establecimientos que ofrecen atención por módulos a domicilio y actividades de agentes sanitarios relacionados con la prevención y educación para la salud).,7,construccion,hogar y construccion
VENTA AL POR MENOR DE OBRAS DE ARTE,7,otro,otro
"Instalación de ascensores, montacargas, escaleras mecánicas,",6,otro,otro
SERVICIOS SOCIALES SIN ALOJAMIENTO,6,turismo,servicios profesionales
CONFECCIÓN DE PRENDAS DEPORTIVAS,6,otro,otro
"FABRICACIÓN DE COSMÉTICOS, PERFUMES Y PRODUCTOS DE HIGIENE Y TOCADOR",6,fabricacion,industria y deposito
Alquiler de equipo de construcción o demolición,6,otro,otro
"VENTA AL POR MENOR DE ORO, MONEDAS, SELLOS Y SIMILARES",6,otro,otro
VENTA AL POR MENOR DE ANTIGÜEDADES,6,usados,comercio general
Impresión de diarios y revistas,6,otro,otro
VENTA AL POR MAYOR DE CRISTALES Y ESPEJOS,6,mayorista,industria y deposito
FABRICACIÓN DE MAQUINARIA Y EQUIPO DE ELEVACIÓN Y MANIPULACIÓN,6,fabricacion,industria y deposito
VENTA AL POR MAYOR EN COMISIÓN O CONSIGNACIÓN DE PRODUCTOS PECUARIOS N.C.P.,6,mayorista,industria y deposito
ENSEÑANZA TERCIARIA,6,educacion,educacion
SERVICIOS RELACIONADOS CON LA IMPRESIÓN,6,otro,otro
SERVICIOS AUXILIARES A LOS SERVICIOS DE SEGUROS N.C.P.,6,seguros,servicios profesionales
Venta al por menor de lanchas y embarcaciones deportivas,6,otro,otro
Venta por mayor de cereales,6,mayorista,industria y deposito
ENSEÑANZA SECUNDARIA DE FORMACIÓN GENERAL,6,educacion,educacion
FUNDICIÓN DE METALES NO FERROSOS,6,otro,otro
Elaboración de aceites y grasas vegetales y subproductos,6,fabricacion,industria y deposito
"INSTALACIONES DE ASCENSORES, MONTACARGAS Y ESCALERAS MECÁNICAS",6,otro,otro
FABRICACIÓN DE LÁMPARAS ELÉCTRICAS Y EQUIPO DE ILUMINACIÓN,6,fabricacion,industria y deposito
ACABADO DE PRODUCTOS TEXTILES,6,merceria,indumentaria
COLOCACIÓN DE CRISTALES EN OBRA,6,otro,otro
"Fraccionamiento, distribución y venta al por mayor de encurtidos",6,mayorista,industria y deposito
FABRICACIÓN DE MÁQUINAS HERRAMIENTA,6,fabricacion,industria y deposito
"Fraccionamiento, distribución y venta al por mayor de aditivos y lubricantes",6,mayorista,industria y deposito
ARRENDAMIENTO Y GESTIÓN DE BIENES INTANGIBLES NO FINANCIEROS,6,otro,otro
"SERVICIOS DE ATENCIÓN A PERSONAS CON PROBLEMAS DE SALUD MENTAL O DE ADICCIONES, CON ALOJAMIENTO",6,turismo,servicios profesionales
"Venta al por mayor de papeles para pared, revestimiento para pisos de goma, plástico y textiles, y artículos similares para la decoración",6,mayorista,industria y deposito
"fabricación de cerraduras, llaves, herrajes y otros artículos de ferretería incluyendo clavos y bulones",6,fabricacion,industria y deposito
"CONSTRUCCIÓN, REFORMA Y REPARACIÓN DE OBRAS HIDRÁULICAS",6,otro,otro
"Fraccionamiento, distribución y venta por mayor de alcoholes",6,mayorista,industria y deposito
SERVICIOS DE ASEGURADORAS DE RIESGO DE TRABAJO (ART),6,otro,otro
"Elaboración y envasado de dulces, mermeladas y jaleas",6,otro,otro
"VENTA AL POR MAYOR DE MUEBLES E INSTALACIONES PARA LA INDUSTRIA, EL COMERCIO Y LOS SERVICIOS N.C.P.",6,mayorista,industria y deposito
VENTA AL POR MAYOR DE ARTÍCULOS DE ÓPTICA Y DE FOTOGRAFÍA,6,mayorista,industria y deposito
"Fabricación y reparación de maquinaria para la elaboración y envases de productos alimenticios, bebidas y tabaco",6,fabricacion,industria y deposito
VENTA AL POR MAYOR DE MATERIAS PRIMAS AGRÍCOLAS Y DE LA SILVICULTURA N.C.P.,6,mayorista,industria y deposito
Fabricación de cortinas. Cortinerías,6,fabricacion,industria y deposito
"Hostería categoría 3 estrellas. Con un mínimo por cada habitación de $ 17,75",6,turismo,servicios profesionales
Compra Venta de Bienes Inmuebles,6,otro,otro
ACTIVIDADES CONEXAS AL PROCESAMIENTO Y HOSPEDAJE DE DATOS N.C.P.,6,turismo,servicios profesionales
SERVICIOS DE CASAS Y AGENCIAS DE CAMBIO,6,cobranzas,servicios profesionales
ELABORACIÓN DE HORMIGÓN,6,fabricacion,industria y deposito
FABRICACIÓN DE ARTÍCULOS DE LONA Y SUCEDÁNEOS DE LONA,6,fabricacion,industria y deposito
Fabricación de jabones y detergentes,6,fabricacion,industria y deposito
EMISIÓN Y RETRANSMISIÓN DE RADIO,6,otro,otro
RECUPERACIÓN DE MATERIALES Y DESECHOS METÁLICOS,6,otro,otro
"FABRICACIÓN DE MUEBLES Y PARTES DE MUEBLES, EXCEPTO LOS QUE SON PRINCIPALMENTE DE MADERA (METAL, PLÁSTICO, ETC.)",6,fabricacion,industria y deposito
FABRICACIÓN DE PRODUCTOS MINERALES NO METÁLICOS N.C.P.,6,fabricacion,industria y deposito
VENTA AL POR MENOR DE COMBUSTIBLE n.c.p COMPRENDIDOS EN LEY 23966  PARA VEHÍCULOS AUTOMOTORES Y MOTOCICLETAS EXCEPTO LA REALIZADA POR REFINERIAS,6,venta_vehiculos,automotor
Mecánico dental,6,otro,otro
MOVIMIENTO DE SUELOS Y PREPARACIÓN DE TERRENOS PARA OBRAS,5,otro,otro
POMPAS FUNEBRES Y SERVICIOS CONEXOS,5,otro,otro
Elaboración de aceites y grasas animales no comestibles,5,fabricacion,industria y deposito
Fabricación de envases de cartón,5,fabricacion,industria y deposito
INVESTIGACIÓN  Y DESARROLLO EXPERIMENTAL EN EL CAMPO DE LAS CIENCIAS MÉDICAS,5,otro,otro
Desarmaderos de autos y venta al por menor de sus partes. Repuestos y accesorios usados,5,repuestos,automotor
FABRICACIÓN  DE EQUIPO ELÉCTRICO N.C.P.,5,fabricacion,industria y deposito
Transporte interurbano de pasajeros,5,transporte,servicios profesionales
Fabricación y reparación de acondicionadores de aire,5,fabricacion,industria y deposito
"Publicidad realizada por medio de carteles, pantallas y paneles luminosos, iluminados, electrónicos, mecánicos y similares. Con una superficie de 10,01 hasta 25 metros cuadrados por cartel. La cantidad de metros a declarar en éste subrubro, se refiere a l",5,otro,otro
Fundición de metales no ferrosos,5,otro,otro
FABRICACIÓN DE PRODUCTOS DE LABORATORIO Y PRODUCTOS BOTÁNICOS DE USO FARMACEÚTICO N.C.P.,5,fabricacion,industria y deposito
VENTA AL POR MAYOR DE BICICLETAS Y RODADOS SIMILARES,5,mayorista,industria y deposito
Producción de películas cinematográficas y de televisión,5,otro,otro
"Construcción y reparación de embarcaciones, incluye buques, yates, veleros, botes,  Astilleros",5,otro,otro
Elaboración y molienda de yerba mate (incluye concentrados),5,alimentos_otros,alimentos
SERVICIO COMBINADO DE APOYO A EDIFICIOS,5,otro,otro
Editoriales sin imprenta,5,fotocopias,servicios personales
"VENTA AL POR MAYOR EN COMISIÓN O CONSIGNACIÓN DE PROD. TEXTILES, PRENDAS DE VESTIR, CALZADO EXCEPTO EL ORTOPÉDICO, ART.DE MARROQUINERÍA, PARAGUAS Y SIMILARES Y PROD.DE CUERO N.C.P",5,mayorista,industria y deposito
"ENSEÑANZA INICIAL, JARDÍN DE INFANTES Y PRIMARIA",5,educacion,educacion
Distribución y venta al por mayor de carbón y sus derivados,5,mayorista,industria y deposito
"Fabricación de envases, recipientes y embalajes de madera (barriles, tambores, caja)",5,fabricacion,industria y deposito
"Fabricación y armado de carrocerías para automóviles, camiones y otros vehículos para transporte de carga y pasajeros (incluye casas rodantes)",5,fabricacion,industria y deposito
Aserraderos. Preparación y conservación de maderas (excepto las terciadas y conglomeradas),5,otro,otro
"ELABORACIÓN Y ENVASADO DE DULCES, MERMELADAS Y JALEAS",5,otro,otro
Reciclamiento de desperdicios y desechos metálicos,5,otro,otro
Fabricación y reparación de maquinaria y equipo para la construcción,5,fabricacion,industria y deposito
ALQUILER DE VIDEOS Y VIDEO JUEGOS,5,otro,otro
Venta al por mayor de motocicletas nuevas y usadas,5,mayorista,industria y deposito
FABRICACIÓN DE MAQUINARIA Y EQUIPO DE USO GENERAL N.C.P.,5,fabricacion,industria y deposito
ALQUILER DE EQUIPO DE CONSTRUCCIÓN O DEMOLICIÓN DOTADO DE OPERARIOS,5,otro,otro
"FABRICACIÓN DE PREPARADOS PARA LIMPIEZA, PULIDO Y SANEAMIENTO",5,fabricacion,industria y deposito
TERMINACIÓN DE EDIFICIOS N.C.P.,5,otro,otro
Reparaciones y afinaciones de instrumentos musicales,5,otro,otro
FABRICACIÓN DE EQUIPO ELÉCTRICO N.C.P.,5,fabricacion,industria y deposito
"REPARACIÓN Y MANTENIMIENTO DE PRODUCTOS DE METAL, EXCEPTO MAQUINARIA Y EQUIPO",5,otro,otro
SERVICIOS DE GESTIÓN DE DEPÓSITOS FISCALES,5,deposito,industria y deposito
Confección de prenda de vestir de cuero y sucedáneos,5,otro,otro
ELABORACIÓN Y MOLIENDA DE HIERBAS AROMÁTICAS Y  ESPECIAS,5,otro,otro
SERVICIO DE TRANSPORTE AUTOMOTOR DE MERCADERÍAS Y SUSTANCIAS PELIGROSAS,5,transporte,servicios profesionales
Fabricación de materiales plásticos,5,fabricacion,industria y deposito
ENSEÑANZA UNIVERSITARIA EXCEPTO FORMACION DE POSGRADO,5,educacion,educacion
"VENTA AL POR MAYOR DE LANAS, CUEROS EN BRUTO Y PRODUCTOS AFINES",5,mayorista,industria y deposito
"VENTA AL POR MAYOR DE MÁQUINAS, EQUIPOS E IMPLEMENTOS DE USO EN LA ELABORACIÓN DE ALIMENTOS, BEBIDAS Y TABACO",5,mayorista,industria y deposito
Fabricación y reparación de tractores,5,fabricacion,industria y deposito
Fabricación de viviendas prefabricadas de madera,5,fabricacion,industria y deposito
Venta al por menor de artículos para publicidad,5,otro,otro
EMISORA Y/O PRODUCTORA DE RADIO,5,otro,otro
INSTALACION DE MAQUINARIA Y EQUIPOS INDUSTRIALES,5,otro,otro
Transporte de pasajeros de larga distancia,5,transporte,servicios profesionales
"FABRICACIÓN DE CERRADURAS, HERRAJES Y ARTÍCULOS DE FERRETERÍA N.C.P.",5,fabricacion,industria y deposito
"VENTA AL POR MAYOR DE CEREALES (INCLUYE ARROZ), OLEAGINOSAS Y FORRAJERAS EXCEPTO SEMILLAS",4,mayorista,industria y deposito
"INSTALACIONES DE ASCENSORES, MONTACARGAS Y  ESCALERAS MECÁNICAS",4,otro,otro
FABRICACIÓN DE EQUIPAMIENTO E INSTRUMENTOS ÓPTICOS Y SUS ACCESORIOS,4,fabricacion,industria y deposito
INSTALACIONES PARA EDIFICIOS Y OBRAS DE INGENIERÍA CIVIL N.C.P.,4,otro,otro
"SERVICIOS DE ""FAST FOOD"" Y LOCALES DE VENTA DE COMIDAS Y BEBIDAS AL PASO",4,bebidas,alimentos
"Fabricación y reparación de ascensores, escaleras mecánicas, montacargas",4,fabricacion,industria y deposito
Venta al por mayor de productos textiles n.c.p.,4,mayorista,industria y deposito
"Molienda de cereales (excepto trigo), legumbres, otras preparaciones y moliendas n.c.p.",4,otro,otro
Fabricación de vidrios planos y templados,4,fabricacion,industria y deposito
Edición n.c.p.,4,otro,otro
"Fabricación de colchones, sommiers, almohadones y almohadas",4,fabricacion,industria y deposito
VENTA AL POR MAYOR EN SUPERMERCADOS MAYORISTAS DE ALIMENTOS,4,mayorista,industria y deposito
"FABRICACIÓN DE CALZADO DE MATERIALES N.C.P., EXCEPTO CALZADO DEPORTIVO Y ORTOPÉDICO",4,fabricacion,industria y deposito
Fabricación y reparación de máquinas y equipos de refrigeración,4,fabricacion,industria y deposito
PINTURA Y TRABAJOS DE DECORACIÓN,4,articulos_hogar,hogar y construccion
"Venta al por mayor de combustibles y lubricantes, excepto para automotores y gas en garrafas",4,mayorista,industria y deposito
FABRICACIÓN DE BOMBAS,4,fabricacion,industria y deposito
Obras Sociales por Servicios relacionados con la salud humana - Afiliados dentro de marco legal obligatorio,4,consultorio,salud
VENTA AL POR MAYOR DE ARTÍCULOS DE ESPARCIMIENTO Y DEPORTES,4,mayorista,industria y deposito
FABRICACIÓN DE MAQUINARIA PARA LA EXPLOTACIÓN DE MINAS Y CANTERAS Y PARA OBRAS DE CONSTRUCCIÓN,4,fabricacion,industria y deposito
"Elaboración artesanal de alimentos sin local de atención, sin empleados",4,alimentos_otros,alimentos
Excavación y Demolición de edificios y sus partes,4,otro,otro
"PREPARACIÓN DE CONSERVAS DE FRUTAS, HORTALIZAS Y LEGUMBRES",4,verduleria,alimentos
"ESTUDIO DE MERCADO, REALIZACIÓN DE ENCUESTAS DE OPINIÓN PÚBLICA",4,oficina,servicios profesionales
Elaboración de bebidas n.c.p.,4,fabricacion,industria y deposito
CONFECCIÓN DE PRENDAS DE VESTIR PARA BEBÉS Y NIÑOS,4,ropa_infantil,indumentaria
SERVICIOS DE BANCA MAYORISTA,4,mayorista,industria y deposito
"Editorial de diarios, periódicos y revistas",4,otro,otro
ELABORACIÓN DE PASTAS ALIMENTARIAS SECAS,4,fabricacion,industria y deposito
"FABRICACIÓN DE CARTELES, SEÑALES E INDICADORES -ELÉCTRICOS O NO-",4,fabricacion,industria y deposito
"Elaboración de extractos, jarabes y concentrados",4,fabricacion,industria y deposito
FABRICACIÓN DE HIELO NATURAL Y JUGOS ENVASADOS PARA DILUIR,4,fabricacion,industria y deposito
Fabricación de aparatos y accesorios eléctricos de uso doméstico no clasificados en otra parte,4,fabricacion,industria y deposito
Universidad privada,4,otro,otro
"ELABORACIÓN DE EXTRACTOS, JARABES Y CONCENTRADOS",4,fabricacion,industria y deposito
SERVICIOS DE OPERADORES LOGÍSTICOS N.C.P.,4,otro,otro
Reciclamiento de desperdicios y desechos no metálicos,4,otro,otro
SERVICIO DE TRANSPORTE AUTOMOTOR DE MERCADERÍAS A GRANEL N.C.P.,4,transporte,servicios profesionales
Escuela de enseñanza privada pre-primaria,4,educacion,educacion
Fabricación de ladrillos y bloques,4,fabricacion,industria y deposito
ELABORACIÓN DE ALIMENTOS A BASE DE CEREALES,4,fabricacion,industria y deposito
Venta al por menor de herboristería en medianas y grandes superficie,4,dietetica,alimentos
Fabricación y armado de letreros y anuncios publicitarios,4,fabricacion,industria y deposito
Venta al por mayor en comisión o consignación de tabaco,4,mayorista,industria y deposito
Fabricación de envases de papel,4,fabricacion,industria y deposito
SERVICIOS DE INTERNACIÓN EN INSTITUCIONES RELACIONADAS CON LA SALUD MENTAL,4,otro,otro
VENTA AL POR MAYOR DE MEDIAS Y PRENDAS DE PUNTO,4,mayorista,industria y deposito
"SERVICIOS DE GERENCIAMIENTO DE EMPRESAS E INSTITUCIONES DE SALUD, SERVICIOS DE AUDITORIA Y MEDICINA LEGAL, SERVICIO DE ASESORAMIENTO FARMACÉUTICO",4,otro,otro
ELABORACIÓN DE ACEITES Y GRASAS VEGETALES REFINADOS,4,fabricacion,industria y deposito
FABRICACIÓN DE  MAQUINARIA Y EQUIPO DE USO GENERAL N.C.P.,4,fabricacion,industria y deposito
ENSEÑANZA DE CURSOS RELACIONADOS CON INFORMÁTICA,4,educacion,educacion
Fabricación de joyas y artículos conexos,4,fabricacion,industria y deposito
"Fabricación de mosaicos, baldosas, revestimientos de paredes y pisos (excluidos los cerámicos y plásticos)",4,fabricacion,industria y deposito
Servicios relacionados con espectáculos teatrales - por honorarios y comisiones,4,espectaculos,esparcimiento
Fabricación y armado de vehículos automotores,4,fabricacion,industria y deposito
VENTA AL POR MENOR DE MUEBLES USADOS,4,muebleria,hogar y construccion
FABRICACIÓN  DE PRODUCTOS DE CAUCHO N.C.P.,4,fabricacion,industria y deposito
Escuela de enseñanza privada. Primaria (EGB),4,educacion,educacion
"Fabricación de productos lácteos no clasificados en otra parte. (Incluye cremas, yogures, mantecas)",4,fabricacion,industria y deposito
VENTA AL POR MAYOR DE ARTÍCULOS PARA LA CONSTRUCCIÓN N.C.P.,4,mayorista,industria y deposito
Fabricación de abonos y fertilizantes (incluye los biológicos),4,fabricacion,industria y deposito
"Bar con música, sin espectáculo público, instalado fuera del perímetro y tramos establecidos por el Artículo 142° de la presente.-",4,bar_restaurante,gastronomia
FABRICACIÓN DE PRODUCTOS DE CAUCHO N.C.P.,4,fabricacion,industria y deposito
Venta al por mayor de muebles de metal y sus accesorios,4,mayorista,industria y deposito
"Fabricación de colas, adhesivos, aprestos y cemento (excepto los odontológicos) obtenidos de sustancias minerales y vegetales",3,fabricacion,industria y deposito
FABRICACIÓN DE PREMOLDEADAS PARA LA CONSTRUCCIÓN,3,fabricacion,industria y deposito
Producción de metales no ferrosos n.c.p. y sus semielaborados,3,otro,otro
Fabricación de productos diversos derivados del petróleo y del carbón excepto la refinación de petróleo,3,fabricacion,industria y deposito
"ENSEÑANZA PARA ADULTOS, EXCEPTO DISCAPACITADOS",3,educacion,educacion
Fabricación de tejidos de alambre,3,fabricacion,industria y deposito
"FABRICACIÓN DE MAQUINARIA Y EQUIPO DE OFICINA, EXCEPTO EQUIPO INFORMÁTICO",3,fabricacion,industria y deposito
"FABRICACIÓN DE ACUMULADORES, PILAS Y BATERÍAS PRIMARIAS",3,fabricacion,industria y deposito
FABRICACIÓN DE PRODUCTOS DE VIDRIO N.C.P.,3,fabricacion,industria y deposito
FABRICACIÓN DE PARTES DE CALZADO,3,fabricacion,industria y deposito
VENTA AL POR MAYOR DE TAPICES Y ALFOMBRAS DE MATERIALES TEXTILES,3,mayorista,industria y deposito
VENTA AL POR MAYOR DE SUELAS Y AFINES,3,mayorista,industria y deposito
Molienda de trigo,3,otro,otro
Obras Sociales por Servicios relacionados con la salud humana - Afiliados Adherentes.,3,consultorio,salud
SERVICIOS DE MANIPULACIÓN DE CARGA EN EL ÁMBITO TERRESTRE,3,otro,otro
"HINCADO DE PILOTES, CIMENTACIÓN Y OTROS TRABAJOS DE HORMIGÓN ARMADO",3,otro,otro
"VENTA AL POR MAYOR DE PAPELES PARA PARED, REVESTIMIENTO PARA PISOS DE GOMA, PLÁSTICO Y TEXTILES,  Y ARTÍCULOS SIMILARES PARA LA DECORACIÓN",3,mayorista,industria y deposito
MOLIENDA DE TRIGO,3,otro,otro
SERVICIOS GEOLÓGICOS Y DE PROSPECCIÓN,3,otro,otro
VENTA AL POR MAYOR EN COMISIÓN O CONSIGNACIÓN DE SEMILLAS,3,mayorista,industria y deposito
SERVICIOS DE ALOJAMIENTO EN PENSIONES,3,turismo,servicios profesionales
Fabricación de plaguicidas (incluye los biológicos),3,fabricacion,industria y deposito
"POR CADA ESPACIO DESTINADO A GARAGES, PLAYAS DE ESTACIONAMIENTO, GUARDACOCHES, UBICADOS DENTRO DEL PERÍMETRO COMPRENDIDO POR LAS CALLES: FIGUEROA ALCORTA, MARCELO T. DE ALVEAR, AV. PUEYRREDÓN, MANUEL ESTRADA, AV. POETA LUGONES, BV PERÓN, SARMIENTO, HUMBER",3,otro,otro
FABRICACIÓN DE COMPONENTES ELECTRÓNICOS,3,fabricacion,industria y deposito
FABRICACIÓN DE MEDICAMENTOS DE USO VETERINARIO,3,fabricacion,industria y deposito
"Elaboración, envasado y conservación de jugos de frutas naturales o artificiales",3,otro,otro
SERVICIOS DE COOPERATIVAS CUANDO REALIZAN VARIAS ACTIVIDADES,3,otro,otro
"INSTALACIÓN DE SISTEMAS DE ILUMINACIÓN, CONTROL Y SEÑALIZACIÓN ELÉCTRICA PARA EL TRANSPORTE",3,transporte,servicios profesionales
"ELABORACIÓN DE FRUTAS, HORTALIZAS Y LEGUMBRES CONGELADAS",3,fabricacion,industria y deposito
Distribución por mayor de diarios y revistas,3,mayorista,industria y deposito
ASERRADO Y CEPILLADO DE MADERA IMPLANTADA,3,otro,otro
FABRICACIÓN DE APARATOS DE USO DOMÉSTICO N.C.P.,3,fabricacion,industria y deposito
Servicio de recolección y transporte de residuos no convencionales (patógenos - industriales - peligrosos - restos de obras y demoliciones),3,transporte,servicios profesionales
Colocación de cubiertas asfálticas y techos,3,repuestos,automotor
SERVICIOS DE TRANSPORTE DE CAUDALES Y OBJETOS DE VALOR,3,transporte,servicios profesionales
Elaboración de especies,3,fabricacion,industria y deposito
"VENTA AL POR MAYOR DE MÁQUINAS, EQUIPOS E IMPLEMENTOS DE USO EN IMPRENTAS, ARTES GRÁFICAS Y ACTIVIDADES CONEXAS",3,mayorista,industria y deposito
Empresa de pompas fúnebres (servicios por abono),3,otro,otro
"Venta al por mayor de lanas, cueros y frutos del país",3,mayorista,industria y deposito
VENTA AL POR MAYOR EN COMISIÓN O CONSIGNACIÓN DE COMBUSTIBLES,3,mayorista,industria y deposito
Venta al por mayor de sustancias químicas industriales y materias primas para la elaboración de plásticos,3,mayorista,industria y deposito
"Fabricación de envases metálicos, incluyendo bronce, latón, aluminio, hojalata",3,fabricacion,industria y deposito
Enseñanza privada (únicamente planes oficiales),3,educacion,educacion
"Procesadores de papas (peladero, lavadero, incluyendo elaboración de puré, harina y escamas)",3,fabricacion,industria y deposito
"Fabricación y reparación de básculas, balanzas y dinamómetros, excepto los científicos para uso de laboratorio",3,fabricacion,industria y deposito
FABRICACIÓN DE ABERTURAS Y ESTRUCTURAS DE MADERA PARA LA CONSTRUCCIÓN,3,fabricacion,industria y deposito
INVESTIGACIÓN Y DESARROLLO EXPERIMENTAL EN EL CAMPO DE LAS CIENCIAS MÉDICAS,3,otro,otro
Fabricación y reparación de grúas y equipamiento de transporte mecánico,3,fabricacion,industria y deposito
RECUPERACIÓN DE MATERIALES Y DESECHOS NO METÁLICOS,3,otro,otro
Empresa de pompas fúnebres (cochería servicios fúnebres),3,otro,otro
ELABORACIÓN DE CACAO Y CHOCOLATE,3,fabricacion,industria y deposito
SERVICIOS DE CALL CENTER,3,otro,otro
Fabricación de tanques y depósitos metálicos,3,fabricacion,industria y deposito
Escuela de enseñanza privada. Terciaria,3,educacion,educacion
Producción de huevos,3,otro,otro
"FABRICACIÓN DE PINTURAS, BARNICES Y PRODUCTOS DE REVESTIMIENTO SIMILARES, TINTAS DE IMPRENTA Y MASILLAS",3,fabricacion,industria y deposito
"VENTA AL POR MAYOR DE ARTÍCULOS DE MARROQUINERÍA,  PARAGUAS Y PRODUCTOS SIMILARES N.C.P.",3,mayorista,industria y deposito
"DESTILACIÓN, RECTIFICACIÓN Y MEZCLA DE BEBIDAS ESPIRITOSAS",3,bebidas,alimentos
"FABRICACIÓN DE FRAZADAS, MANTAS, PONCHOS, COLCHAS, COBERTORES, ETC.",3,fabricacion,industria y deposito
Elaboración de jugos envasados para diluir,3,fabricacion,industria y deposito
FABRICACIÓN DE MAQUINARIA METALÚRGICA,3,fabricacion,industria y deposito
RECAUCHUTADO Y RENOVACIÓN DE CUBIERTAS,3,repuestos,automotor
"FABRICACIÓN DE MAQUINARIA PARA LA ELABORACIÓN DE ALIMENTOS, BEBIDAS Y TABACO",3,fabricacion,industria y deposito
Fabricación de artículos de cemento y fibrocemento (excepto ladrillos),3,fabricacion,industria y deposito
"VENTA AL POR MAYOR DE ARTÍCULOS DE MARROQUINERÍA, PARAGUAS Y PRODUCTOS SIMILARES N.C.P.",3,mayorista,industria y deposito
DISTRIBUCIÓN DE ENERGÍA ELÉCTRICA,3,otro,otro
Elaboración de té,3,fabricacion,industria y deposito
FABRICACIÓN DE MAQUINARIA Y EQUIPO DE USO AGROPECUARIO Y FORESTAL,3,fabricacion,industria y deposito
Escuela de enseñanza privada. Secundaria (Polimodal),3,educacion,educacion
Fabricación de artículos de madera en tornerías,3,fabricacion,industria y deposito
"Fabricación de heladeras, freezers, lavarropas y secarropas",3,fabricacion,industria y deposito
Revoque y enyesado de paredes y cielorrasos,3,otro,otro
Fabricación de materias químicas inorgánicas básicas n.c.p.,3,fabricacion,industria y deposito
VENTA AL POR MAYOR EN COMISIÓN O CONSIGNACIÓN DE MADERA Y MATERIALES PARA LA CONSTRUCCIÓN,3,mayorista,industria y deposito
"Fabricación de lápices, lapiceras, bolígrafos, plumas estilográficas y artículos similares para oficina",3,fabricacion,industria y deposito
Servicios profesionales relacionados con la agronomía (sociedad de profesionales),3,otro,otro
Venta y distribución por mayor en comisión o consignación de productos y subproductos ganaderos y agrícolas n.c.p.,3,mayorista,industria y deposito
Producción y distribución de gases no clasificados en otra parte,3,otro,otro
"Perforación y sondeo (excepto perforación de pozos de petróleo, de gas, de minas e hidráulicos y prospección de yacimientos de petróleo).",3,otro,otro
Fabricación de equipos y aparatos de comunicaciones,3,fabricacion,industria y deposito
"VENTA AL POR MAYOR DE PRODUCTOS INTERMEDIOS, DESPERDICIOS Y DESECHOS N.C.P.",3,mayorista,industria y deposito
FABRICACIÓN DE CALZADO DEPORTIVO,3,fabricacion,industria y deposito
FABRICACIÓN DE RECIPIENTES DE MADERA,3,fabricacion,industria y deposito
"Fabricación y reparación de maquinaria y equipo para la industria minera, petrolera y canteras",3,fabricacion,industria y deposito
SERVICIOS DE CALL CENTER N.C.P.,3,otro,otro
FABRICACIÓN DE JABONES Y DETERGENTES,3,fabricacion,industria y deposito
"ELABORACIÓN DE BEBIDAS GASEOSAS, EXCEPTO SODA",3,fabricacion,industria y deposito
Fabricación de lámparas y tubos eléctricos,2,fabricacion,industria y deposito
"VENTA AL POR MAYOR EN COMISIÓN O CONSIGNACIÓN DE  MAQUINARIA, EQUIPO PROFESIONAL INDUSTRIAL Y COMERCIAL, EMBARCACIONES Y AERONAVES",2,mayorista,industria y deposito
FABRICACIÓN Y ELABORACIÓN DE VIDRIO PLANO,2,fabricacion,industria y deposito
SERVICIOS DE ALOJAMIENTO POR HORA,2,turismo,servicios profesionales
FABRICACIÓN DE MAQUINARIA Y EQUIPO DE USO ESPECIAL N.C.P.,2,fabricacion,industria y deposito
VENTA AL POR MAYOR DE ABERTURAS,2,mayorista,industria y deposito
SERVICIOS DE GESTIÓN ADUANERA REALIZADOS POR DESPACHANTES DE ADUANA,2,otro,otro
"Motel categoría 1 y 2 estrellas. Con un mínimo por cada habitación de $ 35,75.-",2,otro,otro
VENTA AL POR MAYOR DE LIBROS Y PUBLICACIONES,2,mayorista,industria y deposito
"VENTA AL POR MAYOR DE MÁQUINAS, EQUIPOS E IMPLEMENTOS DE USO EN LA INDUSTRIA DEL PLÁSTICO Y DEL CAUCHO",2,mayorista,industria y deposito
SERVICIOS DE CONTRATISTAS DE MANO DE OBRA AGRÍCOLA,2,otro,otro
SERVICIOS DE AGENTES DE MERCADO ABIERTO PUROS,2,otro,otro
FABRICACIÓN DE ACEITES Y GRASAS DE ORIGEN ANIMAL,2,fabricacion,industria y deposito
Perforación de pozo negro,2,otro,otro
ASERRADO Y CEPILLADO DE MADERA NATIVA,2,otro,otro
"FABRICACIÓN DE COJINETES, ENGRANAJES, TRENES DE ENGRANAJE Y PIEZAS DE TRANSMISIÓN",2,fabricacion,industria y deposito
Fabricación de Transmisores de Radio y Televisión y aparatos de telefonía y telegrafía con hilos,2,fabricacion,industria y deposito
"Fundición en hornos y acerías. Producción de lingotes, planchas o barras",2,otro,otro
"VENTA AL POR MAYOR DE FRUTAS, LEGUMBRES Y CEREALES",2,mayorista,industria y deposito
Fabricación de remolques y semirremolques,2,fabricacion,industria y deposito
VENTA AL POR MAYOR DE ARTÍCULOS DE VIDRIO,2,mayorista,industria y deposito
"Venta al por mayor en comisión o consignación de papel, cartón, libros, revistas, diarios, materiales de embalaje y artículos de librería",2,mayorista,industria y deposito
"Fabricación y reparación de cocinas, calefones, estufas y calefactores de uso doméstico, no eléctricos",2,fabricacion,industria y deposito
Venta y distribución por mayor en comisión o consignación de cereales,2,mayorista,industria y deposito
"Elaboración de pescados de mar, crustáceos y otros productos marinos envasado y conservación",2,fabricacion,industria y deposito
VENTA POR MAYOR DE BOLSAS Y/O PRODUCTOS DE POLIETILENO,2,mayorista,industria y deposito
Fabricación de accesorios de vestir excepto de cuero,2,fabricacion,industria y deposito
FABRICACIÓN DE GASES INDUSTRIALES Y MEDICINALES COMPRIMIDOS O LICUADOS,2,fabricacion,industria y deposito
"VENTA AL POR MAYOR DE PRODUCTOS INTERMEDIOS, DESPERDICIOS Y DESECHOS DE VIDRIO, CAUCHO, GOMA Y QUÍMICOS N.C.P.",2,mayorista,industria y deposito
Servicio de recolección y transporte de residuos convencionales (domiciliarios - orgánicos e inorgánicos reciclables - generados por actividad comercial o industrial que no deriven de procesos productivos),2,transporte,servicios profesionales
FABRICACIÓN DE BOLSAS DE MATERIALES TEXTILES PARA PRODUCTOS A GRANEL,2,fabricacion,industria y deposito
Servicios agropecuarios no clasificados en otra parte,2,otro,otro
FABRICACIÓN DE ARTÍCULOS DE PAPEL Y CARTÓN DE USO DOMÉSTICO E HIGIÉNICO SANITARIO,2,fabricacion,industria y deposito
FABRICACIÓN DE EQUIPOS DE COMUNICACIONES Y TRANSMISORES DE RADIO Y TELEVISIÓN,2,fabricacion,industria y deposito
VENTA AL POR MAYOR DE INSUMOS AGROPECUARIOS DIVERSOS,2,mayorista,industria y deposito
FABRICACIÓN DE EQUIPO DE CONTROL DE PROCESOS INDUSTRIALES,2,fabricacion,industria y deposito
"Transporte privado n.c.p. (excepto taxis, remis, transporte escolar, alquiler de auto)",2,transporte,servicios profesionales
ELABORACIÓN DE AZÚCAR,2,fabricacion,industria y deposito
"Venta al por mayor en comisión o consignación de maquinaria, equipo profesional industrial y comercial, embarcaciones y aeronaves",2,mayorista,industria y deposito
REPARACIÓN Y MANTENIMIENTO DE MAQUINARIA Y EQUIPO DE USO AGROPECUARIO Y FORESTAL,2,otro,otro
FABRICACIÓN DE PRODUCTOS PRIMARIOS DE METALES PRECIOSOS Y METALES NO FERROSOS N.C.P. Y SUS SEMIELABORADOS,2,fabricacion,industria y deposito
FABRICACIÓN DE VEHÍCULOS AUTOMOTORES,2,fabricacion,industria y deposito
"ELABORACIÓN DE HORTALIZAS Y LEGUMBRES DESHIDRATADAS O DESECADAS, PREPARACIÓN N.C.P. DE HORTALIZAS Y LEGUMBRES",2,fabricacion,industria y deposito
"Fabricación de maderas terciadas, enchapadas o conglomeradas, tableros o paneles",2,fabricacion,industria y deposito
FABRICACIÓN DE ACCESORIOS DE VESTIR EXCEPTO DE CUERO,2,fabricacion,industria y deposito
Salas velatorias,2,otro,otro
"Alquiler de equipo de transporte para vía acuática, sin operarios ni tripulación",2,transporte,servicios profesionales
OPERADORES DE TELEVISIÓN POR SUSCRIPCIÓN.,2,otro,otro
FABRICACIÓN  DE EQUIPOS DE COMUNICACIONES Y TRANSMISORES DE RADIO Y TELEVISIÓN,2,fabricacion,industria y deposito
SERVICIO DE TRANSPORTE AUTOMOTOR INTERURBANO NO REGULAR DE PASAJEROS,2,transporte,servicios profesionales
"Fabricación de objetos de barro, loza, porcelana y cerámica n.c.p. (excepto refractarios, ladrillos y revestimientos para pisos y paredes)",2,fabricacion,industria y deposito
Cámaras frigoríficas y lugares destinados a la conservación de pieles.,2,otro,otro
Fabricación y armado de relojes (incluye Fabricación de piezas y cajas para relojes y mecanismos similares),2,fabricacion,industria y deposito
FABRICACIÓN EN INDUSTRIAS BÁSICAS DE PRODUCTOS DE HIERRO Y ACERO N.C.P.,2,fabricacion,industria y deposito
SERVICIOS DE INFORMÁTICA N.C.P.,2,tecnologia,comercio general
SERVICIOS DE ALQUILER  DE CONSULTORIOS MÉDICOS,2,consultorio,salud
"PREPARACIÓN Y MOLIENDA DE LEGUMBRES Y CEREALES N.C.P., EXCEPTO TRIGO Y ARROZ Y MOLIENDA HÚMEDA DE MAÍZ",2,otro,otro
Fabricación y reparación de máquinas de coser y tejer,2,fabricacion,industria y deposito
FORMACIÓN DE POSGRADO,2,otro,otro
FABRICACIÓN DE JUEGOS Y JUGUETES,2,fabricacion,industria y deposito
SERVICIOS INDUSTRIALES PARA LA INDUSTRIA CONFECCIONISTA,2,otro,otro
MATANZA DE GANADO EXCEPTO EL BOVINO Y PROCESAMIENTO DE SU CARNE,2,otro,otro
"FABRICACIÓN DE ESCOBAS, CEPILLOS Y PINCELES",2,fabricacion,industria y deposito
"Fabricación de herramientas manuales y sus accesorios (para uso general, plomería, albañilería, , incluyendo las de campo y jardín)",2,fabricacion,industria y deposito
Fabricación de espejos y vitrales,2,fabricacion,industria y deposito
SERVICIO DE TRANSPORTE AUTOMOTOR TURISTICO DE PASAJEROS,2,transporte,servicios profesionales
FABRICACIÓN DE TEJIDOS DE ALAMBRE,2,fabricacion,industria y deposito
SERVICIOS DE INFORMACIÓN N.C.P.,2,otro,otro
"Colocación y pulido de pisos y revestimientos de mosaicos, mármol, cerámicos y similares",2,otro,otro
"VENTA AL POR MAYOR EN COMISIÓN O CONSIGNACIÓN DE MINERALES, METALES Y PRODUCTOS QUÍMICOS INDUSTRIALES",2,mayorista,industria y deposito
FABRICACIÓN DE  AUTOPARTES DE CAUCHO EXCEPTO CÁMARAS Y CUBIERTAS,2,fabricacion,industria y deposito
"DEPÓSITOS , ALMACENAMIENTO Y VENTA  DE  PIROTECNIA, PÓLVORA, ARMAMENTO, EXPLOSIVOS",2,deposito,industria y deposito
"SERVICIO DE TRANSPORTE AUTOMOTOR INTERURBANO Y SUBURBANO REGULAR DE PASAJEROS, EXCEPTO TRANSPORTE INTERNACIONAL",2,transporte,servicios profesionales
ELABORACIÓN Y MOLIENDA DE HIERBAS AROMÁTICAS Y ESPECIAS,2,otro,otro
Servicios de agencias de venta de entradas,2,otro,otro
FABRICACIÓN DE ABONOS Y COMPUESTOS DE NITRÓGENO,2,fabricacion,industria y deposito
"FABRICACIÓN DE COSMÉTICOS, PERFUMES Y  PRODUCTOS DE HIGIENE Y TOCADOR",2,fabricacion,industria y deposito
VENTA AL POR MAYOR EN COMISIÓN O CONSIGNACIÓN DE PRODUCTOS AGRÍCOLAS N.C.P.,2,mayorista,industria y deposito
"Holding de inversión, actividades de participación, renta y venta de acciones o titulos valores.",2,otro,otro
ELABORACIÓN DE PRODUCTOS LÁCTEOS N.C.P.,2,fabricacion,industria y deposito
FABRICACIÓN DE MEDICAMENTOS PARA USO VETERINARIO,2,fabricacion,industria y deposito
Fabricación de cigarrillos,2,fabricacion,industria y deposito
CULTIVO DE HORTALIZAS DE HOJA Y DE OTRAS HORTALIZAS FRESCAS,2,verduleria,alimentos
SERVICIOS DE ATENCIÓN A PERSONAS MINUSVÁLIDAS CON ALOJAMIENTO,2,turismo,servicios profesionales
Fabricación de instrumentos de óptica,2,fabricacion,industria y deposito
Venta al por mayor de pieles y cueros,2,mayorista,industria y deposito
Fabricación de hielo natural y jugos envasados para diluir,2,fabricacion,industria y deposito
PRODUCCIÓN DE HUEVOS,2,otro,otro
SERVICIOS DE INTERMEDIACIÓN FINANCIERA REALIZADA POR LAS COMPAÑÍAS FINANCIERAS,2,cobranzas,servicios profesionales
"Fabricación de cepillos, pinceles y escobas",2,fabricacion,industria y deposito
"Hotel categoría 5 estrellas. Con un mínimo por cada habitación de $42,75.-",2,turismo,servicios profesionales
"FABRICACIÓN DE MALETAS, BOLSOS DE MANO Y SIMILARES, ARTÍCULOS DE TALABARTERÍA Y ARTÍCULOS DE CUERO N.C.P.",2,fabricacion,industria y deposito
"Fabricación de juguetes, juegos y calzados plásticos",2,fabricacion,industria y deposito
"FABRICACIÓN DE INSECTICIDAS, PLAGUICIDAS Y PRODUCTOS QUÍMICOS DE USO AGROPECUARIO",2,fabricacion,industria y deposito
Fabricación de otros productos de tabaco,2,fabricacion,industria y deposito
CULTIVO DE PLANTAS ORNAMENTALES,2,vivero,hogar y construccion
Distribución y venta al por mayor de petróleo y sus derivados (excepto combustibles),2,mayorista,industria y deposito
"VENTA AL POR MAYOR EN COMISIÓN O CONSIGNACIÓN DE PAPEL, CARTÓN, LIBROS, REVISTAS, DIARIOS, MATERIALES DE EMBALAJE Y ARTÍCULOS DE LIBRERÍA",2,mayorista,industria y deposito
FABRICACIÓN DE PAPEL ONDULADO Y ENVASES DE PAPEL,2,fabricacion,industria y deposito
Fabricación de revestimientos cerámicos para pisos y paredes,2,fabricacion,industria y deposito
Fabricación de objetos de platería y enchapados,2,fabricacion,industria y deposito
VENTA AL POR MAYOR DE PRODUCTOS TEXTILES N.C.P,2,mayorista,industria y deposito
"ELABORACIÓN DE JUGOS NATURALES Y SUS CONCENTRADOS, DE FRUTAS, HORTALIZAS Y LEGUMBRES",2,fabricacion,industria y deposito
Fabricación de ropa para cama y mantelería,1,fabricacion,industria y deposito
ALQUILER DE EQUIPO DE TRANSPORTE N.C.P. SIN CONDUCTOR NI OPERARIOS,1,transporte,servicios profesionales
VENTA AL POR MAYOR DE EQUIPO PROFESIONAL Y CIENTÍFICO E INSTRUMENTOS DE MEDIDA Y DE CONTROL N.C.P.,1,mayorista,industria y deposito
ELABORACIÓN DE MARGARINAS Y GRASAS VEGETALES COMESTIBLES SIMILARES,1,fabricacion,industria y deposito
SERVICIOS DE APOYO PECUARIOS N.C.P.,1,otro,otro
SERVICIOS DE CAJAS DE PREVISIÓN SOCIAL PERTENECIENTES A ASOCIACIONES PROFESIONALES,1,otro,otro
Fabricación y reparación de maquinaria y equipo para la industria del papel y las artes gráficas,1,fabricacion,industria y deposito
SERVICIO DE TRANSPORTE AEREO DE PASAJEROS ,1,transporte,servicios profesionales
"EXPLOTACIÓN DE CRIADEROS DE PECES, GRANJAS PISCÍCOLAS Y OTROS FRUTOS ACUÁTICOS (ACUICULTURA)",1,otro,otro
FABRICACIÓN DE ROPA DE CAMA Y MANTELERÍA,1,fabricacion,industria y deposito
"LAMINACIÓN Y ESTIRADO. PRODUCCIÓN DE LINGOTES, PLANCHAS O BARRAS FABRICADAS POR OPERADORES INDEPENDIENTES",1,otro,otro
Fabricación de material de transporte no clasificado en otra parte,1,fabricacion,industria y deposito
"Fabricación de materias químicas orgánicas básicas n.c.p. (Incluye la fabricación de alcoholes excepto el etílico, sustancias químicas para elaboración de sustancias plásticas, )",1,fabricacion,industria y deposito
"ELABORACIÓN DE CERVEZA, BEBIDAS MALTEADAS Y MALTA",1,fabricacion,industria y deposito
Fabricación de lentes y artículos oftálmicos,1,fabricacion,industria y deposito
HOSPEDAJE DE DATOS,1,turismo,servicios profesionales
"Fabricación de artefactos sanitarios de barro, loza, porcelana y cerámica",1,fabricacion,industria y deposito
SERVICIOS DE CONSORCIOS DE EDIFICIOS,1,otro,otro
FABRICACIÓN DE MATERIAS PLÁSTICAS EN FORMAS PRIMARIAS N.C.P.,1,fabricacion,industria y deposito
"EDICIÓN DE PERIÓDICOS, REVISTAS Y PUBLICACIONES PERIÓDICAS",1,otro,otro
SERVICIO DE TRANSPORTE POR CAMIÓN CISTERNA,1,transporte,servicios profesionales
"SERVICIOS DE TELEFONÍA FIJA, EXCEPTO LOCUTORIOS",1,locutorio,servicios personales
"Fabricación de objetos de barro, loza, porcelana y cerámica para uso doméstico (excepto artefactos sanitarios)",1,fabricacion,industria y deposito
IMPRESIÓN DE DIARIOS Y REVISTAS,1,otro,otro
INVESTIGACIÓN Y DESARROLLO EXPERIMENTAL EN EL CAMPO DE LA INGENIERÍA Y LA TECNOLOGÍA,1,otro,otro
FABRICACIÓN DE PAPEL Y CARTÓN EXCEPTO ENVASES,1,fabricacion,industria y deposito
"VENTA AL POR MAYOR DE PRODUCTOS INTERMEDIOS N.C.P., DESPERDICIOS Y DESECHOS TEXTILES",1,mayorista,industria y deposito
Fabricación de accesorios para muebles,1,fabricacion,industria y deposito
"VENTA AL POR MAYOR DE MÁQUINAS, EQUIPOS E IMPLEMENTOS DE USO EN LA FABRICACIÓN DE TEXTILES, PRENDAS Y ACCESORIOS DE VESTIR, CALZADO, ARTÍCULOS DE CUERO Y MARROQUINERÍA",1,mayorista,industria y deposito
"Transporte aéreo, de pasajeros y cargas",1,transporte,servicios profesionales
SERVICIOS FORESTALES EXCEPTO LOS SERVICIOS PARA LA EXTRACCIÓN DE MADERA,1,otro,otro
SERVICIOS DE EVALUACIÓN DE RIESGOS Y DAÑOS,1,otro,otro
"Elaboración, pasteurización y homogeneización de leche (incluida la condensada y en polvo)",1,lacteos,alimentos
SERVICIOS GENERALES DE LA ADMINISTRACIÓN PÚBLICA,1,otro,otro
"SERVICIOS DE DEPURACIÓN DE AGUAS RESIDUALES, ALCANTARILLADO Y CLOACAS",1,otro,otro
"MATANZA DE ANIMALES N.C.P. Y PROCESAMIENTO DE SU CARNE, ELABORACIÓN DE SUBPRODUCTOS CÁRNICOS N.C.P.",1,fabricacion,industria y deposito
Confección de impermeables y pilotos,1,otro,otro
FABRICACIÓN DE SOMIERES Y COLCHONES,1,fabricacion,industria y deposito
"VENTA AL POR MENOR POR CORREO, TELEVISION Y OTROS MEDIOS DE COMUNICACION N.C.P",1,otro,otro
FABRICACIÓN Y REPARACIÓN DE AERONAVES,1,fabricacion,industria y deposito
ELABORACIÓN DE ACEITES Y GRASAS VEGETALES  SIN REFINAR,1,fabricacion,industria y deposito
Venta al por mayor de instrumentos musicales,1,mayorista,industria y deposito
"FABRICACIÓN DE EQUIPO DE PROTECCIÓN Y SEGURIDAD, EXCEPTO CALZADO",1,fabricacion,industria y deposito
FABRICACIÓN DE CARTÓN ONDULADO Y ENVASES DE CARTÓN,1,fabricacion,industria y deposito
Fabricación de accesorios de vestir de cuero,1,fabricacion,industria y deposito
VENTA AL POR MENOR DE COMBUSTIBLE DE PRODUCCION PROPIA COMPRENDIDOS EN LEY 23966  PARA VEHICULOS AUTOMOTORES Y MOTOCICLETAS REALIZADA POR REFINERIAS,1,venta_vehiculos,automotor
FABRICACIÓN DE CUBIERTAS Y CÁMARAS,1,fabricacion,industria y deposito
Construcción de maquinaria y equipo ferroviario (incluye locomotoras y material rodante),1,otro,otro
CONSTRUCCIÓN Y REPARACIÓN DE EMBARCACIONES DE RECREO Y DEPORTE,1,otro,otro
PRODUCCIÓN DE FILMES Y VIDEOCINTAS,1,otro,otro
"Fabricación de cuchillería, vajilla, utensilios y baterías de cocina",1,fabricacion,industria y deposito
SERVICIOS DE ORGANIZACIONES RELIGIOSAS,1,otro,otro
SERVICIOS DE SEGUROS PERSONALES EXCEPTO LOS DE SALUD Y DE VIDA,1,seguros,servicios profesionales
VENTA POR MAYOR DE MASCOTAS Y ACCESORIOS PARA ANIMALES,1,mayorista,industria y deposito
"Taller de enrollado, bobinado y enfardado de papel",1,taller_mecanico,automotor
Sin Descripción,1,otro,otro
FABRICACIÓN DE PRENDAS DE VESTIR Y ARTÍCULOS SIMILARES DE PUNTO ,1,fabricacion,industria y deposito
Elaboración de vinagre,1,fabricacion,industria y deposito
SERVICIOS DE PRÁCTICAS DE DIAGNÓSTICO N.C.P.,1,otro,otro
"FABRICACIÓN DE CARTELES, SEÑALES E INDICADORES  -ELÉCTRICOS O NO-",1,fabricacion,industria y deposito
ELABORACIÓN DE LECHES Y PRODUCTOS LÁCTEOS DESHIDRATADOS,1,fabricacion,industria y deposito
"Fabricación y reparación de motores y turbinas, incluyendo máquinas de vapor (excepto de motocicletas, automotores y naves)",1,fabricacion,industria y deposito
FABRICACIÓN DE SUSTANCIAS QUÍMICAS PARA LA ELABORACIÓN DE MEDICAMENTOS,1,fabricacion,industria y deposito
FABRICACIÓN DE ARTÍCULOS DE CUCHILLERÍA Y UTENSILLOS DE MESA Y DE COCINA,1,fabricacion,industria y deposito
Fabricación de ataúdes,1,fabricacion,industria y deposito
Salado y pelado de cueros. Saladeros y peladeros de cuero,1,otro,otro
INVESTIGACIÓN  Y DESARROLLO EXPERIMENTAL EN EL CAMPO DE LAS CIENCIAS AGROPECUARIAS,1,otro,otro
SERVICIOS DE FIDEICOMISOS,1,otro,otro
ELABORACIÓN DE HIELO,1,fabricacion,industria y deposito
Fabricación de piezas y suministros utilizados especialmente para aparatos de radio y televisión,1,fabricacion,industria y deposito
Fábrica de estropajos,1,otro,otro
ELABORACIÓN DE QUESOS,1,fabricacion,industria y deposito
"Fabricación de artículos de pulpa, papel y cartón no clasificados en otra parte",1,fabricacion,industria y deposito
ELABORACIÓN DE YERBA MATE,1,fabricacion,industria y deposito
Reparaciones de armas de fuego,1,otro,otro
INVESTIGACIÓN  Y DESARROLLO EXPERIMENTAL EN EL CAMPO DE LA INGENIERÍA Y LA TECNOLOGÍA,1,otro,otro
VENTA AL POR MENOR DE EQUIPOS  Y ARTÍCULOS DEPORTIVOS  ,1,deportes,esparcimiento
Fabricación de tejidos y artículos de punto,1,fabricacion,industria y deposito
"FABRICACIÓN DE TANQUES, DEPÓSITOS Y RECIPIENTES DE METAL",1,fabricacion,industria y deposito
INVESTIGACIÓN Y DESARROLLO EXPERIMENTAL EN EL CAMPO DE LAS CIENCIAS AGROPECUARIAS,1,otro,otro
Fabricación de instrumentos de música,1,fabricacion,industria y deposito
DISTRIBUCIÓN DE FILMES Y VIDEOCINTAS,1,otro,otro
Fabricación de quesos,1,fabricacion,industria y deposito
FABRICACIÓN DE LADRILLOS,1,fabricacion,industria y deposito
"FABRICACIÓN DE CARROCERÍAS PARA VEHÍCULOS AUTOMOTORES, FABRICACIÓN DE REMOLQUES Y SEMIRREMOLQUES",1,fabricacion,industria y deposito
"CAPTACIÓN, DEPURACIÓN Y DISTRIBUCIÓN DE AGUA DE FUENTES SUPERFICIALES",1,otro,otro
FABRICACIÓN DE AUTOPARTES DE CAUCHO EXCEPTO CÁMARAS Y CUBIERTAS,1,fabricacion,industria y deposito
"RECOLECCIÓN, TRANSPORTE, TRATAMIENTO Y DISPOSICIÓN FINAL DE RESIDUOS PELIGROSOS",1,transporte,servicios profesionales
SERVICIOS DE APOYO AGRÍCOLAS N.C.P,1,otro,otro
PRODUCCIÓN DE OTRAS FORMAS DE PROPAGACIÓN DE CULTIVOS AGRÍCOLAS,1,otro,otro
EXPLOTACIÓN DE VIVEROS FORESTALES,1,vivero,hogar y construccion
"FABRICACIÓN DE VENTILADORES, EXTRACTORES DE AIRE, ASPIRADORAS Y SIMILARES",1,fabricacion,industria y deposito
"FABRICACIÓN DE ARTÍCULOS DE CEMENTO, FIBROCEMENTO Y YESO EXCEPTO HORMIGÓN Y MOSAICOS",1,fabricacion,industria y deposito
Elaboración de aluminio primario y semielaborados de aluminio,1,fabricacion,industria y deposito
ASERRADO Y CEPILLADO DE MADERA  NATIVA,1,otro,otro
"FABRICACIÓN DE LÁPICES, LAPICERAS, BOLÍGRAFOS, SELLOS Y ARTÍCULOS SIMILARES PARA OFICINAS Y ARTISTAS",1,fabricacion,industria y deposito
SERVICIOS DE ENVASE Y EMPAQUE,1,otro,otro
CONFECCIÓN DE PRENDAS DE VESTIR DE CUERO,1,ropa,indumentaria
VENTA AL POR MAYOR EN COMISIÓN O CONSIGNACIÓN DE  MADERA Y MATERIALES PARA LA CONSTRUCCIÓN,1,mayorista,industria y deposito
"Alquiler de equipo de transporte para vía terrestre, sin operarios ni tripulación",1,transporte,servicios profesionales
FABRICACIÓN DE EQUIPO DE TRANSPORTE N.C.P.,1,fabricacion,industria y deposito
FABRICACIÓN DE BICICLETAS Y DE SILLONES DE RUEDAS ORTOPÉDICOS,1,fabricacion,industria y deposito
SERVICIOS DE FOTOGRAFIA,1,fotografia,comercio general
Confección de prendas de vestir de piel y sucedáneos,1,ropa,indumentaria
Fabricación de conductores eléctricos,1,fabricacion,industria y deposito
"SERVICIOS DE PULVERIZACIÓN, DESINFECCIÓN Y FUMIGACIÓN TERRESTRE",1,otro,otro
SERVICIOS DE SOCIEDADES DE CARTERA,1,otro,otro
IMPRESIÓN DE DIARIOS Y REVISTAS         ,1,otro,otro
"Extracción de arenas, canto rodado y triturados pétreos. (Incluye arena para construcción, arena silícea, otras arenas naturales, canto rodado, dolomita triturada, granito triturado, piedra partida y otros triturados pétreos)",1,otro,otro
ENSEÑANZA SECUNDARIA DE FORMACIÓN TÉCNICA Y PROFESIONAL,1,educacion,educacion
Venta al por menor de pieles naturales y sintéticas. Peletería,1,otro,otro
"ALQUILER DE VEHÍCULOS AUTOMOTORES N.C.P., SIN CONDUCTOR NI OPERARIOS",1,otro,otro
FABRICACIÓN DE ARTÍCULOS DE DEPORTE,1,fabricacion,industria y deposito
"Elaboración de frutas, hortalizas y legumbres congeladas",1,fabricacion,industria y deposito
"Fabricación de gases comprimidos y licuados, excepto los de uso doméstico",1,fabricacion,industria y deposito
Fabricación de bolsas de materiales textiles para productos a granel,1,fabricacion,industria y deposito
Construcción de motores y piezas para navíos,1,otro,otro
FABRICACIÓN DE ACCESORIOS DE VESTIR DE CUERO,1,fabricacion,industria y deposito
SERVICIOS DE GRABACIÓN DE SONIDO Y EDICIÓN DE MÚSICA,1,otro,otro
"CONFECCIÓN DE ROPA INTERIOR, PRENDAS PARA DORMIR Y PARA LA PLAYA",1,lenceria,indumentaria
Servicios de diversión y esparcimiento n.c.p.-,1,otro,otro
"CRÍA DE AVES DE CORRAL, EXCEPTO PARA LA PRODUCCIÓN DE HUEVOS",1,otro,otro
SERVICIOS DE REPRESENTACIÓN E INTERMEDIACIÓN DE ARTISTAS Y MODELOS,1,otro,otro
"Fabricación de válvulas, grifos y accesorios de cañerías",1,fabricacion,industria y deposito
"Venta al por mayor de discos, cassettes, DVD, videojuegos. Disquerías",1,mayorista,industria y deposito
Venta al por menor no realizada en establecimientos n.c.p.,1,otro,otro
Venta al por mayor de tarjetas magnéticas de transporte,1,mayorista,industria y deposito
"SERVICIOS PARA EL CONTROL DE PLAGAS, BAÑOS PARASITICIDAS, ETC.",1,otro,otro
"ELABORACIÓN DE PESCADOS DE MAR, CRUSTÁCEOS Y PRODUCTOS MARINOS",1,fabricacion,industria y deposito
CULTIVOS PERENNES N.C.P.,1,otro,otro
APICULTURA,1,otro,otro
VENTA AL POR MAYOR DE FLORES Y PLANTAS NATURALES Y ARTIFICIALES,1,mayorista,industria y deposito
"ELABORACIÓN DE FRUTAS DESHIDRATADAS O DESECADAS, PREPARACIÓN N.C.P. DE FRUTAS",1,fabricacion,industria y deposito
"FABRICACIÓN DE ACEITES, GRASAS, HARINAS Y PRODUCTOS A BASE DE PESCADOS",1,fabricacion,industria y deposito
SERVICIOS DE INTERMEDIACIÓN FINANCIERA REALIZADA POR SOCIEDADES DE AHORRO Y PRÉSTAMO PARA LA VIVIENDA Y OTROS INMUEBLES,1,cobranzas,servicios profesionales
Fabricación de papel y cartón,1,fabricacion,industria y deposito
FABRICACIÓN DE OBJETOS CERÁMICOS PARA USO DOMÉSTICO EXCEPTO ARTEFACTOS SANITARIOS,1,fabricacion,industria y deposito
Distribución y alquiler de películas cinematográficas,1,otro,otro
"EXTRACCIÓN DE ARENAS, CANTO RODADO Y TRITURADOS PÉTREOS",1,otro,otro
DESCONTAMINACIÓN Y OTROS SERVICIOS DE GESTIÓN DE RESIDUOS,1,otro,otro
SERVICIOS DE SEGUROS PERSONALES EXCEPTO  LOS DE SALUD Y DE VIDA,1,seguros,servicios profesionales
"ARRENDAMIENTO FINANCIERO, LEASING",1,otro,otro
VENTA AL POR MAYOR DE LIBROS Y PUBLICACIONES (NUEVO O USADOS),1,mayorista,industria y deposito
"Fabricación de planchas, calefactores, hornos eléctricos, microondas y otros aparatos generadores de calor",1,fabricacion,industria y deposito
Fabricación y reparación de armas (excepto municiones),1,fabricacion,industria y deposito
"FABRICACIÓN DE RECEPTORES DE RADIO Y TELEVISIÓN, APARATOS DE GRABACIÓN Y REPRODUCCIÓN DE SONIDO Y VIDEO, Y PRODUCTOS CONEXOS",1,fabricacion,industria y deposito
"Servicios de depuración de aguas residuales, alcantarillado y cloacas",1,otro,otro
"FABRICACIÓN  DE  MOTORES  Y  TURBINAS,  EXCEPTO  MOTORES  PARA AERONAVES, VEHÍCULOS AUTOMOTORES   Y MOTOCICLETAS",1,fabricacion,industria y deposito
"Fabricación de artefactos para iluminación metálicos, excepto los eléctricos",1,fabricacion,industria y deposito
FABRICACIÓN DE ENVASES METÁLICOS,1,fabricacion,industria y deposito
Fabricación de equipos y artículos para gastronomía,1,fabricacion,industria y deposito
Fabricación de tintas y negro de humo (incluye tintas de imprenta),1,fabricacion,industria y deposito
"VENTA POR MAYOR DE MEDICAMENTOS, MASCOTAS Y PRODUCTOS (INCLUYE ALIMENTOS PARA ANIMALES)",1,mayorista,industria y deposito
Alquiler y arrendamiento de maquinaria y equipo agrícola (sin personal),1,otro,otro
